型号	级别	纯度	储存条件
PM2010-250g	N/A	N/A	RT
PM2010-500g	N/A	N/A	RT
PM2011-250g	N/A	N/A	RT
PM2011-500g	N/A	N/A	RT
PM2020-350g	N/A	N/A	RT
PM2020-700g	N/A	N/A	RT
PM2021-350g	N/A	N/A	RT
PM2021-700g	N/A	N/A	RT
PM2030-267g	N/A	N/A	RT
PM2040-467g	N/A	N/A	RT
PM2050-185g	N/A	N/A	RT
PM2060-270g	N/A	N/A	RT
PM2051-267g	N/A	N/A	RT
PM2061-467g	N/A	N/A	RT
PM2052-267g	N/A	N/A	RT
PM2062-467g	N/A	N/A	RT
PM2070-100g	N/A	N/A	RT
PM2070-500g	N/A	N/A	RT
PM2070-5kg	N/A	N/A	RT
PM2120-20g	N/A	N/A	2-8℃
PM2200-20g	N/A	N/A	2-8℃
PM2250-20g	N/A	N/A	2-8℃
PM2270-20g	N/A	N/A	2-8℃
PM2330-20g	N/A	N/A	2-8℃
PM2130-20g	N/A	N/A	2-8℃
PM2220-20g	N/A	N/A	2-8℃
PM2240-20g	N/A	N/A	2-8℃
PM2260-20g	N/A	N/A	2-8℃
PM2280-20g	N/A	N/A	2-8℃
PM2290-20g	N/A	N/A	2-8℃
PM2310-20g	N/A	N/A	2-8℃
PM2190-20g	N/A	N/A	2-8℃
PM2360-20g	N/A	N/A	2-8℃
PM2370-20g	N/A	N/A	2-8℃
PM2150-20g	N/A	N/A	2-8℃
PM2170-20g	N/A	N/A	2-8℃
PM2180-20g	N/A	N/A	2-8℃
PM2210-20g	N/A	N/A	2-8℃
PM2230-20g	N/A	N/A	2-8℃
PM2300-20g	N/A	N/A	2-8℃
PM2400-20g	N/A	N/A	2-8℃
PM2410-20g	N/A	N/A	2-8℃
PM2110-20g	N/A	N/A	2-8℃
PM2140-20g	N/A	N/A	2-8℃
PM2160-20g	N/A	N/A	2-8℃
PM2440-20g	N/A	N/A	2-8℃
PM2123-5L	N/A	N/A	RT
PM2203-5L	N/A	N/A	RT
PM2253-5L	N/A	N/A	RT
PM2273-5L	N/A	N/A	RT
PM2333-5L	N/A	N/A	RT
PM2133-5L	N/A	N/A	RT
PM2193-5L	N/A	N/A	RT
PM2223-5L	N/Ad	N/A	RT
PM2243-5L	N/A	N/A	RT
PM2263-5L	N/A	N/A	RT
PM2283-5L	N/A	N/A	RT
PM2293-5L	N/A	N/A	RT
PM2313-5L	N/A	N/A	RT
PM2363-5L	N/A	N/A	RT
PM2373-5L	N/A	N/A	RT
PM2383-5L	N/A	N/A	2-8℃
PM2153-5L	N/A	N/A	RT
PM2173-5L	N/A	N/A	RT
PM2183-5L	N/A	N/A	RT
PM2213-5L	N/A	N/A	RT
PM2233-5L	N/A	N/A	RT
PM2303-5L	N/A	N/A	RT
PM2403-5L	N/A	N/A	RT
PM2413-5L	N/A	N/A	RT
PM2423-5L	N/A	N/A	RT
PM2113-5L	N/A	N/A	RT
PM2143-5L	N/A	N/A	RT
PM2163-5L	N/A	N/A	RT
PM2433-5L	N/A	N/A	RT
PM2463-5L	N/A	N/A	RT
PM2353-5L	N/A	N/A	RT
PM2443-5L	N/A	N/A	RT
PM2121-10×0.5L	N/A	N/A	RT
PM2201-10×0.5L	N/A	N/A	RT
PM2251-10×0.5L	N/A	N/A	RT
PM2271-10×0.5L	N/A	N/A	RT
PM2331-10×0.5L	N/A	N/A	RT
PM2131-10×0.5L	N/A	N/A	RT
PM2191-10×0.5L	N/A	N/A	RT
PM2221-10×0.5L	N/A	N/A	RT
PM2241-10×0.5L	N/A	N/A	RT
PM2261-10×0.5L	N/A	N/A	RT
PM2281-10×0.5L	N/A	N/A	RT
PM2291-10×0.5L	N/A	N/A	RT
PM2311-10×0.5L	N/A	N/A	RT
PM2361-10×0.5L	N/A	N/A	RT
PM2371-10×0.5L	N/A	N/A	RT
PM2381-10×0.5L	N/A	N/A	RT
PM2151-10×0.5L	N/A	N/A	RT
PM2171-10×0.5L	N/A	N/A	RT
PM2181-10×0.5L	N/A	N/A	RT
PM2211-10×0.5L	N/A	N/A	RT
PM2231-10×0.5L	N/A	N/A	RT
PM2301-10×0.5L	N/A	N/A	RT
PM2401-10×0.5L	N/A	N/A	RT
PM2411-10×0.5L	N/A	N/A	RT
PM2111-10×0.5L	N/A	N/A	RT
PM2141-10×0.5L	N/A	N/A	RT
PM2161-10×0.5L	N/A	N/A	RT
PM2122-10×0.5L	N/A	N/A	RT
PM2202-10×0.5L	N/A	N/A	RT
PM2252-10×0.5L	N/A	N/A	RT
PM2272-10×0.5L	N/A	N/A	RT
PM2132-10×0.5L	N/A	N/A	RT
PM2192-10×0.5L	N/A	N/A	RT
PM2222-10×0.5L	N/A	N/A	RT
PM2242-10×0.5L	N/A	N/A	RT
PM2262-10×0.5L	N/A	N/A	RT
PM2282-10×0.5L	N/A	N/A	RT
PM2292-10×0.5L	N/A	N/A	RT
PM2312-10×0.5L	N/A	N/A	RT
PM2362-10×0.5L	N/A	N/A	RT
PM2372-10×0.5L	N/A	N/A	RT
PM2152-10×0.5L	N/A	N/A	RT
PM2172-10×0.5L	N/A	N/A	RT
PM2182-10×0.5L	N/A	N/A	RT
PM2212-10×0.5L	N/A	N/A	RT
PM2232-10×0.5L	N/A	N/A	RT
PM2302-10×0.5L	N/A	N/A	RT
PM2402-10×0.5L	N/A	N/A	RT
PM2412-10×0.5L	N/A	N/A	RT
PM2112-10×0.5L	N/A	N/A	RT
PM2142-10×0.5L	N/A	N/A	RT
PM2162-10×0.5L	N/A	N/A	RT
YT0001-50ml	N/A	N/A	2-8℃
YT0002-50ml	N/A	N/A	2-8℃
YT0003-1ml	N/A	N/A	-20°C
YT0004-50ml	N/A	N/A	-20°C
YT0004-100ml	N/A	N/A	-20°C
YT0005-100ml	N/A	N/A	RT
SK2400-200T	N/A	N/A	-20℃
SK2401-200T	未知	未知	未知
SK2402-200T	N/A	N/A	-20℃
SK2410-50T	未知	未知	未知
SK2420-20T	N/A	N/A	-20℃
SK2420-200T	N/A	N/A	-20℃
SK2440-50T	N/A	N/A	RT
CX11922-10mg	试剂级别	N/A	-20℃
CX11922-25mg	试剂级别	N/A	-20℃
CX11922-100mg	试剂级别	N/A	-20℃
CX11922-250mg	试剂级别	N/A	-20℃
CX11922-1g	试剂级别	N/A	-20℃
CA2332-1mg	N/A	≥95%	2-8℃
CA1311-5g	Plant Hormones Grade	 ~95% (TLC)	-20°C
CA1311-25g	Plant Hormones Grade	 ~95% (TLC)	-20°C
CA1311-100g	Plant Hormones Grade	 ~95% (TLC)	-20°C
SL0930-5×5ml	N/A	N/A	-20°C
SL0930-100ml	N/A	N/A	-20°C
SL0940-1ml	N/A	N/A	-20℃
SL0940-5×1ml	N/A	N/A	-20℃
SL0950-500ml	N/A	N/A	2-8℃
SL6450-100ml	N/A	N/A	RT
SL6450-500ml	N/A	N/A	RT
SL0980-100ml	N/A	N/A	2-8℃
SL0980-500ml	未知	未知	未知
SL0990-100ml	N/A	N/A	2-8℃
SL0990-500ml	未知	未知	未知
PM1010-50L	N/A	N/A	2-8℃
PM1010-100L	N/A	N/A	2-8℃
PM1011-50L	N/A	N/A	2-8℃
PM1011-100L	N/A	N/A	2-8℃
PM1021-50L	N/A	N/A	2-8℃
PM1031-50L	N/A	N/A	2-8℃
PM1041-50L	N/A	N/A	2-8℃
PM1050-50L	N/A	N/A	2-8℃
PM1051-50L	N/A	N/A	 
PM1060-50L	N/A	N/A	2-8℃
PM1061-50L	N/A	N/A	2-8℃
PM1070-50L	N/A	N/A	2-8℃
PM1071-50L	N/A	N/A	2-8℃
PM1080-50L	N/A	N/A	2-8℃
PM1081-50L	N/A	N/A	2-8℃
PM1090-50L	N/A	N/A	2-8℃
PM1091-50L	N/A	N/A	2-8℃储存，常温运输
PM1100-50L	N/A	N/A	2-8℃
PM1110-50L	N/A	N/A	2-8℃
PM1120-50L	N/A	N/A	2-8℃
PM1121-50L	N/A	N/A	2-8℃
PM1131-50L	N/A	N/A	2-8℃
PM1141-50L	N/A	N/A	2-8℃
PM1151-500g	未知	未知	未知
PM1161-50L	N/A	N/A	2-8℃
PM1171-50L	N/A	N/A	2-8℃
PM1173-50L	N/A	N/A	2-8℃
PM1174-50L	N/A	N/A	2-8℃
PM1181-500g	未知	未知	未知
PM1190-50L	N/A	N/A	2-8℃
PM1251-500g	未知	未知	未知
PM1291-250g	未知	未知	未知
PM1300-50L	N/A	N/A	2-8℃
PM1301-50L	N/A	N/A	2-8℃储存，常温运输
PM1310-50L	N/A	N/A	2-8℃
PM1311-50L	N/A	N/A	2-8℃
PM1320-50L	N/A	N/A	2-8℃
PM1321-50L	N/A	N/A	2-8℃
PM1330-50L	N/A	N/A	2-8℃
PM1331-50L	N/A	N/A	2-8℃
PM1331-P-250L	N/A	N/A	2-8℃
PM1333-200L	N/A	N/A	2-8℃
PM1340-50L	N/A	N/A	2-8℃
PM1341-50L	N/A	N/A	2-8℃
PM1351-50L	N/A	N/A	2-8℃
PM1361-50L	N/A	N/A	2-8℃
PM1370-50L	N/A	N/A	2-8℃
PM1371-50L	N/A	N/A	2-8℃
PM1380-50L	N/A	N/A	2-8℃
PM1381-50L	N/A	N/A	2-8℃
PM1390-50L	N/A	N/A	2-8℃
PM1391-50L	N/A	N/A	2-8℃
PM1400-50L	N/A	N/A	2-8℃
PM1401-50L	N/A	N/A	2-8℃
PM1410-50L	N/A	N/A	2-8℃
PM1411-50L	N/A	N/A	2-8℃
PM1420-50L	N/A	N/A	2-8℃
PM1430-50L	N/A	N/A	2-8℃
PM1440-50L	N/A	N/A	2-8℃
PM1450-50L	N/A	N/A	2-8℃
PM1460-50L	N/A	N/A	2-8℃
PM1461-50L	N/A	N/A	2-8℃
PM1471-50L	N/A	N/A	2-8℃
PM1480-50L	N/A	N/A	2-8℃
PM1481-50L	N/A	N/A	2-8℃
PM1490-50L	N/A	N/A	2-8℃
PM1491-50L	N/A	N/A	2-8℃
PM1492-50L	N/A	N/A	2-8℃
PM1501-50L	N/A	N/A	2-8℃
PM1511-50L	N/A	N/A	2-8℃
PM1520-50L	N/A	N/A	2-8℃
PM1521-50L	N/A	N/A	2-8℃
PM1531-50L	N/A	N/A	2-8℃
PM1541-50L	N/A	N/A	2-8℃
PM1551-50L	N/A	N/A	2-8℃
PM1560-50L	N/A	N/A	2-8℃
PM1570-50L	N/A	N/A	2-8℃
PM1581-50L	N/A	N/A	2-8℃
PM1591-50L	N/A	N/A	2-8℃
PM1611-50L	N/A	N/A	2-8℃
PM1621-2×250g	未知	未知	未知
PM1631-500L	未知	未知	未知
PM1641-2×250g	未知	未知	未知
PM1700-50L	N/A	N/A	2-8℃
PM1710-50L	N/A	N/A	2-8℃
PM1720-50L	N/A	N/A	2-8℃
PM1730-50L	N/A	N/A	2-8℃
PM1740-50L	N/A	N/A	2-8℃
PM1750-50L	N/A	N/A	2-8℃
PM1760-50L	N/A	N/A	2-8℃
PM1770-50L	N/A	N/A	2-8℃
PM1780-50L	N/A	N/A	2-8℃
PM1790-50L	N/A	N/A	2-8℃
PM1800-50L	N/A	N/A	2-8℃
PM1890-50L	N/A	N/A	2-8℃
PM1900-50L	N/A	N/A	2-8℃
PM1910-50L	N/A	N/A	2-8℃
PM1920-50L	N/A	N/A	2-8℃
PM1930-50L	N/A	N/A	2-8℃
PM1940-50L	N/A	N/A	2-8℃
PM1950-50L	N/A	N/A	2-8℃
PM1970-50L	N/A	N/A	2-8℃
PM1980-50L	N/A	N/A	2-8℃
PM1960-50L	N/A	N/A	2-8℃
PM1961-50L	N/A	N/A	2-8℃
CP8581Z-100g	N/A	N/A	RT
CP8581Z-500g	N/A	N/A	RT
CP8581Z-1kg	N/A	N/A	RT
NS1010-5L	未知	未知	未知
NS1010-10L	未知	未知	未知
NS1010-50L	未知	未知	未知
NS1011-50L	未知	未知	未知
NSP1020-50L	N/A	N/A	2-8℃
NSP1020-500L	N/A	N/A	2-8℃
NSP1040-1kg	N/A	N/A	2-8℃
NS1040-2L	未知	未知	未知
NS1040-Mac-2L	未知	未知	未知
NSP1050-2000L	N/A	N/A	2-8℃
NS1050-2L	未知	未知	未知
NSP1060-100L	N/A	N/A	2-8℃
NSP1060-1000L	N/A	N/A	2-8℃
NS1060-1L	N/A	N/A	2-8℃
NSP1070-1000L	N/A	N/A	2-8℃
PTC1000-25ml	N/A	N/A	2-8℃
PTC1000-100ml	N/A	N/A	2-8℃
PM5010-10	N/A	N/A	RT
PM5020-10	N/A	N/A	RT
PM5030-10	N/A	N/A	RT
PM5040-10	N/A	N/A	RT
PM5040-50	N/A	N/A	RT
PM5040-1L	未知	未知	未知
PM5050-10	N/A	N/A	RT
PM5050-50	N/A	N/A	RT
PM5050-1L	未知	未知	未知
PM5060-10	N/A	N/A	RT
PM5060-50	N/A	N/A	RT
PM5060-1L	未知	未知	未知
PM5070-10	N/A	N/A	RT
PM5070-50	N/A	N/A	RT
PM5070-1L	未知	未知	未知
PM5080-10	N/A	N/A	RT
PM5080-50	N/A	N/A	RT
PM5080-1L	未知	未知	未知
PM5090-1L	未知	未知	未知
PM5090-10×2L	N/A	N/A	RT
PM5090-50×2L	N/A	N/A	RT
PM5090-200L	N/A	N/A	RT
PM5090-1000L	N/A	N/A	RT
PM5091-10×2L	N/A	N/A	RT
PM5091-50×2L	N/A	N/A	RT
PM5091-1L	未知	未知	未知
PM5100-10	N/A	N/A	RT
PM5100-50	N/A	N/A	RT
PM5110-10	N/A	N/A	RT
PM5120-10	N/A	N/A	RT
PM5130-100ml	未知	未知	未知
PM5140-10	N/A	N/A	RT
PM5141-10	N/A	N/A	RT
PM5150-10	N/A	N/A	RT
PM5151-10	N/A	N/A	RT
PM5160-10	N/A	N/A	RT
PM5161-10	N/A	N/A	RT
PM5170-10	N/A	N/A	RT
PM5171-10	N/A	N/A	RT
PM5180-10	N/A	N/A	RT
PM5181-10	N/A	N/A	RT
PM0010-10	N/A	N/A	RT
PM0010-50	N/A	N/A	RT
PM0010-500g	N/A	N/A	RT
PM0010-5kg	N/A	N/A	RT
PM0011-500G	N/A	N/A	RT
PM0020-M10	未知	未知	未知
PM0020-M50	未知	未知	未知
PM0020-500g	N/A	N/A	RT
PM0020-5kg	N/A	N/A	RT
PM0021-500g	N/A	N/A	RT
PM0030-1	N/A	N/A	RT
PM0030-10	N/A	N/A	RT
PM0040-1	N/A	N/A	RT
PM0040-10	N/A	N/A	RT
PM0050-1	N/A	N/A	RT
PM0050-10	N/A	N/A	RT
PM0060-1	N/A	N/A	RT
PM0060-10	N/A	N/A	RT
PM0680-250g	N/A	N/A	RT
PM0690-250g	N/A	N/A	RT
PM0700-250g	N/A	N/A	RT
PM0510-250g	N/A、	N/A	-20℃
PM0510-250g×2	未知	未知	未知
PM0520-250g	N/A	N/A	-20℃
PM0520-250g×2	未知	未知	未知
PM05201-250g	N/A	N/A	-20℃
PM0530-250g	N/A	N/A	RT
PM0540-250g	N/A	N/A	RT
PM0550-250g	N/A	N/A	RT
PM0560-250g	N/A	N/A	RT
PM0570-5L	N/A	N/A	RT
PM0580-250g	N/A	N/A	RT
PM0590-250g	N/A	N/A	RT
PM0600-250g	N/A	N/A	RT
PM0610-250g	未知	未知	未知
PM0620-250g	N/A	N/A	RT
PM0630-250g	N/A	N/A	RT
PM0640-250g	N/A	N/A	RT
PM0650-250g	N/A	N/A	RT
PM0660-250g	N/A	N/A	RT
PM0670-250g	N/A	N/A	RT
PM0670-500g	未知	未知	未知
PM0710-250g	N/A	N/A	RT
PM0720-250g	N/A	N/A	RT
PM0731-250g	N/A	N/A	RT
PM0730-250g	N/A	N/A	RT
PM0740-250g	N/A	N/A	RT
PM0750-250g	N/A	N/A	RT
PM0761-500g	N/A	N/A	RT
PM0760-500g	N/A	N/A	RT
PM0770-100g	N/A	N/A	RT
PM0770-250g	N/A	N/A	RT
PM0780-500g	未知	未知	未知
PM0790-500g	未知	未知	未知
PM0800-250g	N/A	N/A	RT
SL1086-1ml	N/A	N/A	-20℃
SL1086-10×1ml	未知	未知	未知
SL1087-1ml	N/A	N/A	-20℃
SL1087-10×1ml	未知	未知	未知
PM6020	N/A	N/A	2-8℃
SL1088-1ml	N/A	N/A	-20°C
SK1060	N/A	N/A	 -20℃ RT
SK1070-250	N/A	N/A	 -20℃ RT
SK1070-500	N/A	N/A	 -20℃ RT
SK1070-2500	N/A	N/A	 -20℃ RT
SK1070-5000	N/A	N/A	 -20℃ RT
SK1080	N/A	N/A	 -20℃ RT
SK6010-50	N/A	N/A	2-8℃
SK6010-250	N/A	N/A	2-8℃
SK6011-50	N/A	N/A	2-8℃
SK6020-25T	未知	未知	未知
SK6020-50T	未知	未知	未知
SL1350-25ml	N/A	N/A	2-8℃，避光
SL1350-100ml	N/A	N/A	2-8℃，避光
SL1350-500ml	N/A	N/A	2-8℃，避光
RE600-100ml	N/A	N/A	2-8℃
RE1010-100ml	N/A	N/A	RT
RE1011-1.5ml	N/A	N/A	-20℃
RE1021-2.5ku	N/A	N/A	-20°C
RE1031-100ml	N/A	N/A	RT
RE1031-500ml	N/A	N/A	RT
SL2600-1ku	N/A	N/A	-20°C
SL2600-1ku×10	N/A	N/A	-20°C
SL2601-1Set	N/A	N/A	-20°C
FSL2609-5×1ml	未知	未知	未知
FSL2609-10×1ml	未知	未知	未知
FSL2609-100×1ml	未知	未知	未知
FSL2610-5×1ml	未知	未知	未知
FSL2610-10×1ml	未知	未知	未知
FSL2610-100×1ml	未知	未知	未知
FSL2620-5×1ml	未知	未知	未知
FSL2611-5×1ml	未知	未知	未知
FSL2611-10×1ml	未知	未知	未知
FSL2611-100×1ml	未知	未知	未知
FSL2630-500u	N/A	N/A	-20℃
FSL2630-500u×10	N/A	N/A	-20℃
FSL2640-1ml	未知	未知	未知
FSL2640-5×1ml	未知	未知	未知
FSL2640-25×1ml	未知	未知	未知
FSL2650-1ml	未知	未知	未知
FSL2650-5×1ml	未知	未知	未知
FSL2631-500u	N/A	N/A	-20℃
FSL2631-500u×10	N/A	N/A	-20℃
FSL2641-1ml	未知	未知	未知
FSL2641-5×1ml	未知	未知	未知
FSL2641-25×1ml	未知	未知	未知
FSL2651-1ml	未知	未知	未知
FSL2651-5×1ml	未知	未知	未知
SL2660-1ml	N/A	N/A	-20°C
SL2660-10×1ml	N/A	N/A	-20°C
SL2660-100×1ml	N/A	N/A	-20°C
SL2659-1ml	N/A	N/A	-20°C
SL2659-10×1ml	N/A	N/A	-20°C
SL2659-100×1ml	N/A	N/A	-20°C
SL2690-1ml	N/A	N/A	-20 °C
SL2690-5×1ml	N/A	N/A	-20 °C
SL2190-1ml	N/A	N/A	 -20℃
SL2190-5×1ml	N/A	N/A	 -20℃
SL2192-1ml	N/A	N/A	-20°C
SL2191-1ml	N/A	N/A	 -20℃
SL2191-5×1ml	N/A	N/A	 -20℃
SL2191-25×1ml	N/A	N/A	 -20℃
DM1001-50T	N/A	N/A	-20°C
DM1001-250T	N/A	N/A	-20°C
DM1002-50T	N/A	N/A	 -20℃
DM1002-250T	N/A	N/A	 -20℃
DM1003-50T	N/A	N/A	-20 °C
DM1003-250T	N/A	N/A	-20 °C
DM1004-50T	N/A	N/A	-20 °C
DM1004-250T	N/A	N/A	-20 °C
DM1005-50T	N/A	N/A	-20 °C
DM1005-250T	N/A	N/A	-20 °C
DM1006-50T	N/A	N/A	-20 °C
DM1006-250T	N/A	N/A	-20 °C
DM1007-50T	N/A	N/A	-20 °C
DM1007-250T	N/A	N/A	-20 °C
DM1008-50T	N/A	N/A	-20 °C
DM1008-250T	N/A	N/A	-20 °C
DM1009-50T	N/A	N/A	-20 °C
DM1009-250T	N/A	N/A	-20 °C
DM1010-50T	N/A	N/A	-20 °C
DM1010-250T	N/A	N/A	-20 °C
DM1011-50T	N/A	N/A	-20 °C
DM1011-250T	N/A	N/A	-20 °C
DM1012-50T	N/A	N/A	-20 °C
DM1012-250T	N/A	N/A	-20 °C
DM1013-50T	N/A	N/A	-20 °C
DM1013-250T	N/A	N/A	-20 °C
DM1014-50T	N/A	N/A	-20 °C
DM1014-250T	N/A	N/A	-20 °C
DM1015-50T	N/A	N/A	-20 °C
DM1015-250T	N/A	N/A	-20 °C
DM1016-50T	未知	未知	未知
DM1016-250T	未知	未知	未知
DM1017-50T	N/A	N/A	-20 °C
DM1017-250T	N/A	N/A	-20 °C
DM1018-50T	N/A	N/A	-20 °C
DM1018-250T	N/A	N/A	-20 °C
DM1019-50T	N/A	N/A	-20 °C
DM1019-250T	N/A	N/A	-20 °C
DM1020-50T	N/A	N/A	-20°C
DM1020-250T	N/A	N/A	-20°C
DM1021-50T	N/A	N/A	-20 °C
DM1021-250T	N/A	N/A	-20 °C
DM1022-50T	N/A	N/A	-20°C
DM1022-250T	N/A	N/A	-20°C
DM1023-50T	N/A	N/A	-20 °C
DM1023-250T	N/A	N/A	-20 °C
DM1024-50T	N/A	N/A	-20 °C
DM1024-250T	N/A	N/A	-20 °C
DM1025-50T	N/A	N/A	-20 °C
DM1025-250T	N/A	N/A	-20 °C
DM1026-20T	N/A	N/A	-20 °C
DM1026-50T	N/A	N/A	-20 °C
SL7160-50ml	N/A	N/A	-20℃
SL7160-100ml	N/A	N/A	-20℃
SK2010-1	N/A	N/A	2-8℃
SK2010-10	N/A	N/A	2-8℃
SK2020-3	N/A	N/A	2-8℃
SK2030-25	N/A	N/A	2-8℃
SK2030-125	N/A	N/A	2-8℃
SK20301-500ml	N/A	N/A	2-8℃
SK2040-100T	N/A	N/A	-20℃
SK2050-500T	N/A	N/A	-20℃
SK2060-100T	N/A	N/A	-20℃
SK2060-5×100T	N/A	N/A	-20℃
SK2060-500T	N/A	N/A	-20℃
SK2060-10000T	N/A	N/A	-20℃
CR9420-1mg	N/A	>98%	-20℃干燥避光保存
CR9420-5mg	N/A	>98%	-20℃干燥避光保存
CR9420-25mg	N/A	>98%	-20℃干燥避光保存
CR9420-100mg	N/A	>98%	-20℃干燥避光保存
CT11200-5mg	N/A	＞98%	-20℃干燥避光保存
CT11200-25mg	N/A	＞98%	-20℃干燥避光保存
CT11200-100mg	N/A	＞98%	-20℃干燥避光保存
CL6941-1mg	试剂级	600 U/mg	-20°C
CL6941-5mg	试剂级	600 U/mg	-20°C
SL1000-100ml	N/A	N/A	-20°C
SL1010-100ml	N/A	N/A	-20 °C
SL1020-20ml	N/A	N/A	-20℃
SL1020-100ml	N/A	N/A	-20℃
SL1030-100ml	N/A	N/A	 -20℃
SL1031-500ml	N/A	N/A	 -20℃
SL1032-500ml	N/A	N/A	2-8℃
SL1033-500ml	N/A	N/A	RT
SL1040-100ml	N/A	N/A	2-8℃
SL1040-500ml	N/A	N/A	2-8℃
SL1050-100ml	未知	未知	未知
SL1060-5×1ml	N/A	N/A	 -20℃
SL1061-100ml	N/A	N/A	−20°C
SL1070-100ml	N/A	N/A	2-8℃
SL1070-500ml	N/A	N/A	2-8℃
SL9010-50ml	N/A	N/A	2-8℃
SL9010-100ml	N/A	N/A	2-8℃
SL9010-250ml	N/A	N/A	2-8℃
SL9010-500ml	N/A	N/A	2-8℃
SL1079-10ml	N/A	N/A	-20 °C
SL1080-10ml	N/A	N/A	2-8℃
SL1081-10ml	N/A	N/A	2-8℃
SL1082-10ml	N/A	N/A	2-8℃
SL1083-10ml	N/A	N/A	-20℃
SL1084-100ml	N/A	N/A	RT
SL1089-1ml	N/A	N/A	-20°C
SL1090-500ml	N/A	N/A	2-8℃
SL1090-20L	未知	未知	未知
SL1100-500ml	N/A	N/A	2-8℃，避光
SL1110-500ml	N/A	N/A	2-8℃，避光
SL1120-500ml	N/A	N/A	2-8℃，避光
SL11X1-500ml	N/A	N/A	2-8℃，避光
SL11X2-500ml	N/A	N/A	2-8℃，避光
SL11X2-20L	未知	未知	未知
SL11X3-500ml	N/A	N/A	2-8℃，避光
SL11X7-500ml	N/A	N/A	2-8℃，避光
SL11X8-500ml	N/A	N/A	2-8℃，避光
SL1130-5×1ml	N/A	N/A	RT
SL1130-25×1ml	N/A	N/A	RT
SL1140-250ml	N/A	N/A	RT
SL1140-500ml	N/A	N/A	RT
SL1150-100ml	N/A	N/A	RT
SL1150-500ml	N/A	N/A	RT
SL1160-100ml	N/A	N/A	RT
SL1160-500ml	N/A	N/A	RT
SL1161-100ml	未知	未知	未知
SL1162-100ml	未知	未知	未知
SL1163-100ml	N/A	N/A	RT
SL1163-500ml	N/A	N/A	RT
SL1170-10ml	N/A	N/A	-20℃
SL1180-10ml	N/A	N/A	 -20℃
SL1189-10ml	N/A	N/A	-20°C
SL1190-10ml	N/A	N/A	-20 °C
SL1191-10ml	N/A	N/A	-20°C
SL1192-5ml	N/A	N/A	 -20℃
SL1193-5ml	N/A	N/A	 -20℃
SL1194-5ml	N/A	N/A	 -20℃
SL1195-10ml	N/A	N/A	 -20℃
SL1196-10ml	N/A	N/A	 -20℃
SL1200-500ml	N/A	N/A	RT
SL1201-500ml	N/A	N/A	RT
SL1202-500ml	N/A	N/A	2-8℃
SL1203-500ml	N/A	N/A	RT
SL1204-100ml	未知	未知	未知
SL1204-500ml	未知	未知	未知
SL1205-100ml	N/A	N/A	2-8℃
SL1205-500ml	未知	未知	未知
SL1206-500ml	未知	未知	未知
SL1207-500ml	未知	未知	未知
SL1220-100ml	未知	未知	未知
SL1220-500ml	N/A	N/A	RT
SL1230-100ml	未知	未知	未知
SL1230-500ml	N/A	N/A	RT
SL1240-50ml	N/A	N/A	RT
SL1250-100ml	N/A	N/A	2-8℃
SL1260-5ml	N/A	N/A	-20°C
SL1270-5ml	N/A	N/A	-20 °C
SL1280-10ml	N/A	N/A	RT
SL1280-100ml	N/A	N/A	RT
SL1281-500ml	N/A	N/A	RT
SL1290-500ml	N/A	N/A	RT
SL1300-500ml	N/A	N/A	RT
SL1291-500ml	N/A	N/A	RT
SL1292-500ml	N/A	N/A	RT
SL1301-500ml	未知	未知	未知
SL1302-100ml	未知	未知	未知
SL1310-25ml	N/A	N/A	2-8℃，密封
SL1320-100ml	未知	未知	未知
SL1320-250ml	未知	未知	未知
SL1324-500ml	N/A	N/A	RT
SL13241-500ml	N/A	N/A	RT
SL13242-500ml	N/A	N/A	RT
SL1325-500ml	N/A	N/A	RT
SL1326-500ml	N/A	N/A	RT
SL13261-500ml	N/A	N/A	RT
SL1327-500ml	N/A	N/A	RT
SL13271-500ml	N/A	N/A	RT
SL13281-500ml	N/A	N/A	RT
SL1328-500ml	N/A	N/A	RT
SL13291-500ml	N/A	N/A	RT
SL1329-500ml	N/A	N/A	RT
SL1330-100ml	N/A	N/A	 -20℃
SL1331-100ml	N/A	N/A	-20°C
SL1332-100ml	N/A	N/A	 -20℃
SL1340-100ml	N/A	N/A	RT
SL1340-500ml	N/A	N/A	RT
SL1341-500ml	N/A	N/A	RT
SL1360-10ml	N/A	N/A	2-8°C
SL1360-100ml	N/A	N/A	2-8°C
SL1370-10ml	N/A	N/A	2-8°C
SL1370-100ml	N/A	N/A	2-8°C
SL1380-10ml	N/A	N/A	2-8°C
SL1380-100ml	N/A	N/A	2-8°C
SL1390-10ml	N/A	N/A	2-8°C
SL1390-100ml	N/A	N/A	2-8°C
SL1400-10ml	N/A	N/A	2-8°C
SL1400-100ml	N/A	N/A	2-8°C
SL1410-100ml	N/A	N/A	2-8℃
SL1420-500ml	N/A	N/A	RT
SL2010-250ml	N/A	N/A	2-8℃
SL2020-250ml	N/A	N/A	2-8℃
SL2030-250ml	N/A	N/A	2-8℃
SL2040-100ml	未知	未知	未知
SL2040-250ml	未知	未知	未知
SL2040-500ml	未知	未知	未知
SL2041-100ml	未知	未知	未知
SL2050-100ml	未知	未知	未知
SL2050-250ml	未知	未知	未知
SL2051-100ml	未知	未知	未知
SL2071-500ml	N/A	N/A	RT
SL2072-1ml	N/A	N/A	-20°C
SL20721-1ml	N/A	N/A	-20°C
SL2073-5ml	N/A	N/A	-20°C
SL20731-25ml	N/A	N/A	-20 °C
SL2074-1ml	N/A	N/A	-20°C
SL2076-1ml	未知	未知	未知
SL2076-5*1ml	未知	未知	未知
SL2077-500ml	N/A	N/A	RT
SL2078-100ml	未知	未知	未知
SL2079-500ml	N/A	N/A	RT
SL2080-100ml	N/A	N/A	RT
SL2081-100ml	N/A	N/A	RT
SL2081-500ml	N/A	N/A	RT
SL2082-100ml	N/A	N/A	RT
SL2082-500ml	N/A	N/A	RT
SL2090-500ml	N/A	N/A	RT
SL2091-500ml	N/A	N/A	RT
SL2091-1L	N/A	N/A	RT
SL2091-20L	未知	未知	未知
SL2100-100ml	未知	未知	未知
SL2100-250ml	未知	未知	未知
SL2100-500ml	N/A	N/A	RT
SL2100-20L	未知	未知	未知
SL2101-500ml	未知	未知	未知
SL2102-500ml	N/A	N/A	RT
SL2104-500ml	N/A	N/A	RT
SL2105-500ml	N/A	N/A	RT
SL2109-500ml	N/A	N/A	RT
SL2110-100ml	N/A	N/A	RT
SL2110-500ml	N/A	N/A	RT
SL2120-100ml	未知	未知	未知
SL2120-500ml	N/A	N/A	2-8℃，避光
SL2130-5ml	N/A	N/A	RT
SL2130-100ml	N/A	N/A	RT
SL2140-1ml	N/A	N/A	RT
SL2140-5ml	N/A	N/A	RT
SL2150-500ul	未知	未知	未知
SL2160-500ul	未知	未知	未知
SL2170-50ul	未知	未知	未知
SL2180-500ul	未知	未知	未知
SL2200-50ul	未知	未知	未知
SL2201-50ml	N/A	N/A	RT
SL2209-10ml	N/A	N/A	-20℃
SL2210-5×1ml	N/A	N/A	RT
SL2210-100×1ml	N/A	N/A	RT
SL2210-5ml	N/A	N/A	RT
SL2210-500ml	N/A	N/A	RT
SL2211-5×1ml	N/A	N/A	RT
SL2211-100×1ml	N/A	N/A	RT
SL2211-5ml	N/A	N/A	RT
SL2211-100ml	N/A	N/A	RT
SL2212-5ml	N/A	N/A	−20°C
SL2213-5ml	N/A	N/A	−20°C
SL2220-5×1ml	N/A	N/A	 -20℃
SL2221-5×1ml	N/A	N/A	-20°C
SL2230-500ml	N/A	N/A	RT
SL2239-500ml	N/A	N/A	RT
SL2240-500ml	N/A	N/A	RT
SL2250-500ml	N/A	N/A	RT
SL2260-50T	N/A	N/A	RT
SL2260-100T	N/A	N/A	RT
SL2300-500ml	N/A	N/A	2-8℃
SL2310-100ml	N/A	N/A	RT
SL3020-50ml	N/A	N/A	-20 °C
SL3030-100ml	N/A	N/A	RT
SL3030-500ml	N/A	N/A	RT
SL3040-100ml	N/A	N/A	RT
SL3040-500ml	N/A	N/A	RT
SL3050-100ml	N/A	N/A	RT
SL3050-500ml	N/A	N/A	RT
SL3060-100ml	N/A	N/A	RT
SL3060-500ml	N/A	N/A	RT
SL3070-100ml	N/A	N/A	RT
SL3070-500ml	N/A	N/A	RT
SL30701-500ml	N/A	N/A	RT
SL3071-100ml	N/A	N/A	RT
SL3072-500ml	N/A	N/A	RT
SL30X1-500ml	N/A	N/A	RT
SL3080-100ml	N/A	N/A	RT
SL3080-500ml	N/A	N/A	RT
SL3090-100ml	N/A	N/A	RT
SL3090-500ml	N/A	N/A	RT
SL31X1-500ml	N/A	N/A	RT
SL3210-1ml	N/A	N/A	-20°C
SL3210-5ml	N/A	N/A	-20°C
SL3220-5ml	N/A	N/A	 -20℃
SL3230-500ml	N/A	N/A	RT
SL3270-500ml	N/A	N/A	RT
SL3271-500ml	N/A	N/A	RT
SL3280-100ml	N/A	N/A	RT
SL3281-100ml	N/A	N/A	RT
SL3290-500ml	N/A	N/A	RT
SL3300-100ml	N/A	N/A	RT
SL3310-100ml	未知	未知	未知
SL3330-500ml	N/A	N/A	RT
SL3340-100ml	N/A	N/A	 -20℃
SL3350-500ml	N/A	N/A	RT
SL3360-500ml	N/A	N/A	RT
SL3370-500ml	N/A	N/A	RT
SL3380-500ml	未知	未知	未知
SL3390-500ml	未知	未知	未知
SL3400-500ml	未知	未知	未知
SL3410-500ml	未知	未知	未知
SL1500-500ml	N/A	N/A	RT
SL1560-500ml	N/A	N/A	RT
SL1570-500ml	N/A	N/A	RT
SL1580-500ml	N/A	N/A	RT
SL1600-500ml	未知	未知	未知
SL1620-500ml	N/A	N/A	RT
SL16220-500ml	N/A	N/A	RT
SL1630-500ml	未知	未知	未知
SL1670-500ml	N/A	N/A	-20°C
SL1760-500ml	未知	未知	未知
SL1770-100ml	N/A	N/A	RT
SL1780-100ml	N/A	N/A	RT
SL1790-10ml	N/A	N/A	RT
SL1790-100ml	N/A	N/A	RT
SL1800-100ml	N/A	N/A	 -20℃
SL1801-100ml	N/A	N/A	 -20℃
SL1810-500ml	N/A	N/A	RT
SL1820-10ml	N/A	N/A	 -20℃
SL1830-500ml	N/A	N/A	2-8℃
SL1830-5L	N/A	N/A	2-8℃
SL1830-20L	N/A	N/A	2-8℃
SL18301-500ml	N/A	N/A	2-8℃
SL1831-500ml	未知	未知	未知
SL1840-5ml	N/A	N/A	 -20℃
SL1840-25ml	N/A	N/A	 -20℃
SL1841-5ml	N/A	N/A	 -20℃
SL1842-10ml	N/A	N/A	2-8℃
SL1850-10ml	未知	未知	未知
SL1850-100ml	未知	未知	未知
SL1850-500ml	未知	未知	未知
SL1860-100ml	N/A	N/A	RT
SL1869-500ml	N/A	N/A	RT
SL1870-500ml	N/A	N/A	2-8℃
SL1871-100ml	N/A	N/A	2-8℃
SL1872-100ml	N/A	N/A	-20°C
SL1873-100ml	N/A	N/A	-20℃
SL1890-10ml	N/A	N/A	2-8°C
SL1900-100ml	未知	未知	未知
SL1930-500ml	N/A	N/A	RT
SL1940-500ml	未知	未知	未知
SL1950-100ml	N/A	N/A	 -20℃
SL1960-500ml	N/A	N/A	RT
SL1970-500ml	N/A	N/A	2-8℃
SL1971-500ml	N/A	N/A	2-8℃
SL1972-500ml	N/A	N/A	2-8℃
SL1973-500ml	N/A	N/A	2-8℃
SL1980-500ml	未知	未知	未知
SL1990-500ml	N/A	N/A	RT
SL2000-500ml	N/A	N/A	2-8℃
SL2001-500ml	N/A	N/A	2-8℃
SL2002-500ml	N/A	N/A	2-8℃
SL2003-500ml	N/A	N/A	2-8℃
SL3800-5ml	N/A	N/A	 -20℃，避光
SL3810-10×1ml	N/A	N/A	-20℃
SL3810-25×1ml	N/A	N/A	-20℃
SL3810-100ml	N/A	N/A	-20℃
SL3810-100×1ml	N/A	N/A	-20℃
SL3820-10×1ml	N/A	N/A	-20°C
SL3820-25×1ml	N/A	N/A	-20°C
SL3820-100ml	N/A	N/A	-20°C
SL3820-100×1ml	N/A	N/A	-20°C
SL3821-100ml	未知	未知	未知
SL3830-10×1ml	N/A	N/A	-20 °C
SL3830-25×1ml	N/A	N/A	-20 °C
SL3840-10×1ml	N/A	N/A	-20℃
SL3840-25×1ml	N/A	N/A	-20℃
SL3850-10×1ml	N/A	N/A	-20℃
SL3850-25×1ml	N/A	N/A	-20℃
SL3860-10ml	未知	未知	未知
SL3870-10×1ml	N/A	N/A	-20°C
SL3880-10×1ml	N/A	N/A	-20℃
SL3881-5×1ml	未知	未知	未知
SL3881-25×1ml	N/A	N/A	 -20℃
SL3891-1ml	N/A	N/A	-20°C
SL3891-5×1ml	N/A	N/A	-20°C
SL3891-25×1ml	N/A	N/A	-20°C
SL3891-100×1ml	N/A	N/A	-20°C
SL3900-5×1ml	N/A	N/A	-20℃
SL3910-100ml	N/A	N/A	-20 °C
SL3911-10×1ml	N/A	N/A	-20℃
SL3911-25×1ml	N/A	N/A	-20℃
SL3920-5×1ml	N/A	N/A	-20°C
SL3930-5×1ml	N/A	N/A	-20°C
SL3940-10×1ml	N/A	N/A	 -20℃
SL3950-10×1ml	N/A	N/A	-20°C
SL3970-10×1ml	N/A	N/A	-20°C
SL3980-5×1ml	N/A	N/A	-20°C
SL3990-10×1ml	N/A	N/A	-20°C
SL4000-1ml	未知	未知	未知
SL4010-10×1ml	N/A	N/A	-20°C
SL4020-10×1ml	N/A	N/A	-20°C
SL4030-10×1ml	N/A	N/A	-20°C
SL4040-10×1ml	N/A	N/A	-20°C
SL4050-10×1ml	N/A	N/A	-20°C
SL4060-10×1ml	N/A	N/A	-20°C
SL4070-10×1ml	N/A	N/A	-20℃
SL4080-5×1ml	N/A	N/A	 -20℃
SL4080-25×1ml	N/A	N/A	 -20℃
SL4080-100×1ml	N/A	N/A	 -20℃
SL4090-10×1ml	N/A	N/A	-20℃
SL4090-100×1ml	N/A	N/A	-20℃
SL4100-5×1ml	N/A	N/A	-20°C
SL4110-5×1ml	N/A	N/A	 -20℃
SL4130-5×1ml	N/A	N/A	-20°C
SL4140-1.25ml	N/A	N/A	-20°C
SL4140-4×1.25ml	N/A	N/A	-20°C
SL6010-100ml	N/A	N/A	 -20℃
SL6020-100ml	N/A	N/A	-20°C
SL6030-100ml	N/A	N/A	-20°C
SL6031-100ml	N/A	N/A	-20°C
SL6032-100ml	N/A	N/A	 -20℃
SL6040-100ml	N/A	N/A	-20℃
SL6041-20ml	N/A 	N/A	-20℃
SL6042-100ml	N/A	N/A	-20°C
SL6046-100ml	N/A	N/A	2-8℃
SL6047-100ml	N/A	N/A	2-8℃
SL6048-100ml	N/A	N/A	2-8℃
SL6049-100ml	N/A	N/A	2-8℃
SL6050-100ml	N/A	N/A	2-8°C
SL6051-100ml	N/A	N/A	2-8℃
SL6060-100ml	N/A	N/A	-20℃
SL6070-100ml	N/A	N/A	2-8°C
SL6080-500ml	N/A	N/A	2-8℃
SL6081-500ml	N/A	N/A	2-8℃
SL6090-500ml	N/A	N/A	2-8℃
SL6091-500ml	N/A	N/A	2-8℃
SL6100-500ml	N/A	N/A	RT
SL6110-500ml	N/A	N/A	RT
SL6111-500ml	N/A	N/A	RT
SL6120-500ml	N/A	N/A	RT
SL6130-20ml	N/A	N/A	2-8℃
SL6130-100ml	N/A	N/A	2-8℃
SL6131-100ml	未知	未知	未知
SL6140-500ml	N/A	N/A	2-8℃
SL6150-500ml	未知	未知	未知
SL6160-500ml	N/A	N/A	2-8℃
SL6170-500ml	未知	未知	未知
SL6180-500ml	N/A	N/A	2-8℃
SL6190-500ml	未知	未知	未知
SL6200-500ml	N/A	N/A	2-8℃
SL6210-500ml	未知	未知	未知
SL6220-500ml	N/A	N/A	2-8℃
SL6230-500ml	未知	未知	未知
SL6240-500ml	N/A	N/A	2-8℃
SL6250-500ml	未知	未知	未知
SL6260-100ml	N/A	N/A	2-8℃
SL6270-100ml	N/A	N/A	2-8℃
SL6280-500ml	N/A	N/A	2-8℃
SL6290-500ml	未知	未知	未知
SL6300-500ml	N/A	N/A	2-8℃
SL6310-500ml	N/A	N/A	2-8℃
SL6320-500ml	N/A	N/A	2-8℃
SL6330-500ml	N/A	N/A	2-8℃
SL6340-100ml	N/A	N/A	2-8℃
SL6350-100ml	N/A	N/A	2-8℃
SL6360-500ml	N/A	N/A	2-8℃
SL6370-500ml	N/A	N/A	2-8℃
SL6380-500ml	N/A	N/A	2-8℃
SL6390-100ml	N/A	N/A	2-8℃
SL6400-100ml	未知	未知	未知
SL6410-100ml	未知	未知	未知
SL6420-50ml	N/A	N/A	RT
SL6430-100ml	未知	未知	未知
SL6436-500ml	N/A	N/A	2-8℃
SL6438-500ml	N/A	N/A	2-8℃
SL6439-100ml	N/A	N/A	2-8℃
SL6440-50ml	未知	未知	未知
SL6452-100ml	N/A	N/A	RT
SL6460-10ml	N/A	N/A	 -20℃
SL6470-10ml			-20℃
SL6480-10ml	N/A	N/A	 -20℃
SL6490-100ml	N/A	N/A	2-8℃
SL6500-500ml	N/A	N/A	2-8℃
SL6510-500ml	N/A	N/A	2-8℃
SL6520-500ml	N/A	N/A	2-8℃
SL6530-500ml	N/A	N/A	2-8℃
SL6540-500ml	N/A	N/A	2-8℃
SL6550-500mL	N/A	N/A	2-8℃
SL6560-500ml	N/A	N/A	2-8℃
SL6570-500ml	N/A	N/A	2-8℃
SL6580-500ml	未知	未知	未知
SL6590-500ml	未知	未知	未知
SL6599-500ml	N/A	N/A	2-8℃
SL6600-500ml	N/A	N/A	2-8℃
SL6610-500ml	N/A	N/A	2-8℃
SL6620-500ml	N/A	N/A	2-8℃
SL6630-500ML	N/A	N/A	2-8℃
SL6640-100ml	N/A	N/A	2-8°C
SL6641-100ml	N/A	N/A	2-8℃
SL6650-100ml	N/A	N/A	2-8℃
SL6660-500ml	N/A	N/A	2-8℃
SL6670-100ml	N/A	N/A	2-8℃
SL6680-100ml	N/A	N/A	2-8℃
SL6690-100ml	N/A	N/A	2-8℃
SL6700-100ml	N/A	N/A	2-8℃
SL6710-500ml	N/A	N/A	2-8℃
SL6720-500ml	N/A	N/A	2-8℃
SL6730-100ml	未知	未知	未知
SL6750-10ml	N/A	N/A	-20℃
SL8970-50ml	N/A	N/A	2-8℃
SL8970-250ml	N/A	N/A	2-8℃
SL8970-500ml	N/A	N/A	2-8℃
SL8980-50ml	N/A	N/A	2-8℃
SL8980-250ml	N/A	N/A	2-8℃
SL8980-500ml	N/A	N/A	2-8℃
SL8990-50ml	N/A	N/A	2-8℃
SL8990-250ml	N/A	N/A	2-8℃
SL8990-500ml	N/A	N/A	2-8℃
708090-3×250ml	N/A	N/A	2-8℃
SL9020-50ml	N/A	N/A	2-8℃
SL9020-250ml	N/A	N/A	2-8℃
SL9020-500ml	N/A	N/A	2-8℃
SL9030-50ml	N/A	N/A	2-8℃
SL9030-250ml	N/A	N/A	2-8℃
SL9030-500ml	N/A	N/A	2-8℃
SL9040-50ml	N/A	N/A	2-8℃
SL9040-250ml	N/A	N/A	2-8℃
SL9040-500ml	N/A	N/A	2-8℃
203040-3×250ml	N/A	N/A	2-8℃
SL9042-500ml	N/A	N/A	2-8℃
SL9050-250ml	N/A	N/A	2-8℃
SL9050-500ml	N/A	N/A	2-8℃
SL9120-100ml	未知	未知	未知
SL9130-100ml	N/A	N/A	2-8℃
SL9140-100ml	N/A	N/A	RT
SL9150-500ml	N/A	N/A	RT
SL9160-100ml	未知	未知	未知
SL9210-500ml	N/A	N/A	RT
SL9220-500ml	N/A	N/A	RT
SL9228-500ml	N/A	N/A	RT
SL9229-500ml	N/A	N/A	RT
SL9230-500ml	N/A	N/A	RT
SL9240-500ml	未知	未知	未知
SL9260-500ml	N/A	N/A	RT
SL9270-500ml	N/A	N/A	RT
SL9280-100ml	N/A	N/A	RT
SL9290-100ml	N/A	N/A	RT
SL9291-100ml	N/A	N/A	RT
SL9300-100ml	未知	未知	未知
SL9310-100ml	未知	未知	未知
SL9320-100ml	N/A	N/A	RT
SL9330-100ml	N/A	N/A	RT
SL9340-100ml	N/A	N/A	RT
SL9350-500ml	N/A	N/A	RT
SL9360-100ml	未知	未知	未知
SL9370-500ml	N/A	N/A	RT
SL9380-500ml	N/A	N/A	RT
SL9390-500ml	N/A	N/A	RT
SL9400-100ml	N/A	N/A	RT
SL9430-100ml	N/A	N/A	RT
SL9440-500ml	N/A	N/A	RT
SL9450-100ml	N/A	N/A	-20℃
SL9460-100ml	N/A	N/A	 -20℃
SL9470-100ml	N/A	N/A	 -20℃
SL9500-100ml	N/A	N/A	RT
SL9510-100ml	N/A	N/A	2-8℃
SL9511-100ml	N/A	N/A	2-8℃
SL9520-50ml	未知	未知	未知
SL9530-1ml	未知	未知	未知
SL9540-1ml	N/A	N/A	-20℃
SL9550-100ml	N/A	N/A	RT
SL9560-500ml	N/A	N/A	RT
SL9570-500ml	未知	未知	未知
SL9580-500ml	N/A	N/A	RT
SL9590-500ml	N/A	N/A	RT
SL9610-10ml	N/A	N/A	 -20℃
SL9620-100ml	N/A	N/A	2-8℃
SL9640-20ml	N/A	N/A	-20℃
SL9650-500ml	N/A	N/A	2-8℃
SL9660-500ml	未知	未知	未知
SL7010-100ml	N/A	N/A	RT
SL7010-500ml	N/A	N/A	RT
SL7020-100ml	试剂级	N/A	RT
SL7020-500ml	试剂级	N/A	RT
SL7021-250ml	N/A	N/A	RT
SL7021-500ml	N/A	N/A	RT
SL7030-50ml	N/A	N/A	RT
SL7030-100ml	N/A	N/A	RT
SL7040-10ml	试剂级	N/A	RT
SL7040-100ml	试剂级	N/A	RT
SL7040-500ml	试剂级	N/A	RT
SL7050-100ml	N/A	N/A	RT
SL7050-500ml	N/A	N/A	RT
SL7060-100ml	N/A	N/A	RT
SL7060-500ml	N/A	N/A	RT
SL7070-10ml	N/A	N/A	RT
SL7070-100ml	N/A	N/A	RT
SL7080-100ml	N/A	N/A	RT
SL7080-500ml	N/A	N/A	RT
SL7090-10ml	N/A	N/A	-20°C
SL7090-50ml	N/A	N/A	-20°C
SL7091-1ml	N/A	N/A	-20°C
SL7091-5×1ml	未知	未知	未知
SL7100-10ml	N/A	N/A	-20 °C
SL7100-50ml	N/A	N/A	-20 °C
SL7101-1ml	N/A	N/A	-20°C
SL7101-5×1ml	未知	未知	未知
SL7102-1ml	N/A	N/A	−20°C
SL7110-10ml	N/A	N/A	 -20℃
SL7110-50ml	N/A	N/A	 -20℃
SL7111-1ml	N/A	N/A	 -20℃
SL7120-100ml	N/A	N/A	RT
SL7130-10ml	N/A	N/A	20℃
SL7130-50ml	N/A	N/A	20℃
SL7131-1ml	N/A	N/A	-20℃
SL7132-1ml	N/A	N/A	-20℃
SL7133-10ml	N/A	N/A	-20℃
SL7134-10ml	N/A	N/A	 -20℃
SL7135-1ml	N/A	N/A	 -20℃
SL7136-10ml	N/A	N/A	-20℃
SL7140-100ml	N/A	N/A	-20℃
SL7140-500ml	N/A	N/A	-20℃
SL7150-100ml	N/A	N/A	RT
SL7180-100ml	N/A	N/A	RT
SL7190-100ml	N/A	N/A	RT
SL7200-100ml	N/A	N/A	RT
SL7210-10ml	未知	未知	未知
SL7220-10ml	未知	未知	未知
SL7230-50ml	N/A	N/A	RT
SL7240-100ml	N/A	N/A	RT
SL7250-100ml	N/A	N/A	RT
SL7260-500ml	N/A	N/A	RT
SL7270-100ml	N/A	N/A	RT
SL7280-100ml	N/A	N/A	RT
SL7290-100ml	N/A	N/A	RT
SL7300-100ml	N/A	N/A	RT
SL7310-100ml	未知	未知	未知
SL7320-100ml	N/A	N/A	RT
SL7330-100ml	未知	未知	未知
SL7340-100ml	N/A	N/A	2-8℃
SL7350-100ml	N/A	N/A	RT
SL7360-100ml	N/A	N/A	RT
SL7370-100ml	N/A	N/A	RT
SL7380-100ml	N/A	N/A	RT
SL7390-100ml	N/A	N/A	RT
SL7400-100ml	N/A	N/A	RT
SL7400-500ml	N/A	N/A	RT
SL7410-100ml	N/A	N/A	RT
SL7420-100ml	N/A	N/A	RT
SL7430-100ml	未知	未知	未知
SL7440-100ml	未知	未知	未知
SL7450-100ml	N/A	N/A	RT
SL7460-100ml	N/A	N/A	RT
SL7470-100ml	N/A	N/A	RT
SL7480-100ml	N/A	N/A	RT
SL7490-100ml	N/A	N/A	RT
SL7500-100ml	N/A	N/A	RT
SL7510-100ml	N/A	N/A	RT
SL7520-100ml	N/A	N/A	2-8℃
SL7540-100ml	未知	未知	未知
SL7550-100ml	N/A	N/A	RT
SL7560-100ml	N/A	N/A	RT
SL7570-50ml	N/A	N/A	RT
SL7570-100ml	N/A	N/A	RT
SL7580-100ml	N/A	N/A	RT
SL7590-100ml	N/A	N/A	RT
SL75901-100ml	N/A	N/A	RT
SL75902-100ml	N/A	N/A	RT
SL7600-100ml	N/A	N/A	RT
SL7610-100ml	未知	未知	未知
SL7620-10ml	N/A	N/A	RT
SL7630-10ml	N/A	N/A	RT
SL7640-50ml	N/A	N/A	2-8℃
SL7650-50ml	N/A	N/A	2-8℃
SL7660-50ml	N/A	N/A	RT
SL7670-20ml	N/A	N/A	RT
SL7680-100ml	N/A	N/A	RT
SL7690-50ml	N/A	N/A	RT
SL7700-500ml	N/A	N/A	RT
SL7710-500ml	N/A	N/A	RT
SL7720-500ml	N/A	N/A	RT
SL7730-100ml	N/A	N/A	RT
SL7740-500ml	N/A	N/A	RT
SL7750-500ml	N/A	N/A	RT
SL7760-6×50ml	未知	未知	未知
SL7770-3×50ml	未知	未知	未知
SL7780-100ml	N/A	N/A	RT
SL7790-500ml	N/A	N/A	RT
SL7800-100ml	N/A	N/A	RT
SL7800-500ml	N/A	N/A	RT
SL7810-100ml	N/A	N/A	RT
SL7820-100ml	N/A	N/A	RT
SL7830-100ml	N/A	N/A	RT
SL7840-500ml	N/A	N/A	RT
SL7850-100ml	N/A	N/A	RT
SL7860-50ml	N/A	N/A	RT
SL7870-3×50ml	未知	未知	未知
SL7880-50ml	N/A	N/A	2-8℃
SL7890-100ml	N/A	N/A	RT
SL7900-1ml	N/A	N/A	 -20℃
SL7900-5ml	N/A	N/A	 -20℃
SL7910-1ml	N/A	N/A	 -20℃
SL7910-5ml	N/A	N/A	 -20℃
SL7920-1ml	N/A	N/A	 -20℃
SL7920-5ml	N/A	N/A	 -20℃
SL7930-1ml	N/A	N/A	 -20℃
SL7930-5ml	N/A	N/A	 -20℃
PH101-100ml	N/A	N/A	2-8℃
PH102-100ml	N/A	N/A	 -20℃
PH103-100ml	N/A	N/A	-20℃
PH104-100ml	N/A	N/A	2-8℃
PH105-100ml	N/A	N/A	2-8℃
PH106-100ml	N/A	N/A	 -20℃
PH107-100ml	N/A	N/A	 -20℃
PH108-100ml	N/A	N/A	-20℃
PH109-2×1ml	N/A	N/A	-20℃
CC201-100ml	N/A	N/A	2-8℃
CC201-500ml	N/A	N/A	2-8℃
CC202-100ml	N/A	N/A	2-8℃
CC202-500ml	N/A	N/A	2-8℃
CA1010-1g	Plant Hormones Grade	＞90%	-20 °C
CA1010-5g	Plant Hormones Grade	＞90%	-20 °C
CA1011-100mg	Plant Hormones Grade	~98% (HPLC)	-20 °C
CA1011-1g	Plant Hormones Grade	~98% (HPLC)	-20 °C
CA1021-1g	Reagent Grade	＞98%	-20℃
CA1021-5g	Reagent Grade	＞98%	-20℃
CA1031-25g	Reagent Grade	>99%	RT
CA1031-100g	Reagent Grade	>99%	RT
CA1032-25g	未知	未知	未知
CA1051-100g	Reagent Grade	>98%	RT
CA1061-250mg	N/A	N/A	RT
CA1061-1g	N/A	N/A	RT
CA1061-5g	N/A	N/A	RT
CA1061-10g	N/A	N/A	RT
CA1071-5g	Reagent Grade	≥99% (TLC)	RT
CA1071-25g	Reagent Grade	≥99% (TLC)	RT
CA1081-1mg	Reagent Grade	≥93% (HPLC)	-20°C
CA1081-5mg	Reagent Grade	≥93% (HPLC)	-20°C
CA1082-1g		>90%  	RT
CA1091-25g	Reagent Grade	≥99.0%	2-8℃
CA1091-100g	Reagent Grade	≥99.0%	2-8℃
CA1092-500g	N/A	>98%	RT
CA1101-100g	Pharmaceutical Grade	≥99.0% 	RT
CA1101-500g	Pharmaceutical Grade	≥99.0% 	RT
CA1111-5g	BS Grade	Dye content   ~70%	RT
CA1121-5g	Reagent Grade	 >50,000U/g	-20°C
CA1131-5g	BS Grade	Em(490nm,H2O)>36,500	RT
CA1141-5g	BS Grade	Dye content>95%	RT
CA1141-25g	BS Grade	Dye content>95%	RT
CA1151-5g	Reagent Grade	>98%	RT
CA1151-25g	Reagent Grade	>98%	RT
CA1211-25g	Reagent Grade	>99%	RT
CA1211-100g	Reagent Grade	>99%	RT
CA1221-10g	Reagent Grade	>98%	RT
CA1221-100g	Reagent Grade	>98%	RT
CA1231-10g	Reagent Grade	>99%	2-8°C
CA1231-100g	Reagent Grade	>99%	2-8°C
CA1241-5g	Reagent Grade	 ≥99%	2-8°C
CA1241-25g	Reagent Grade	 ≥99%	2-8°C
CA1250-100mg		≥98%	-20°C
CA1251-100mg	Reagent Grade	≥98.0%	-20°C
CA1252-5g	未知	未知	未知
CA1253-10mg		≥93%	-20°C
CA1261-5g	Reagent Grade	>98%	-20°C
CA1261-25g	Reagent Grade	>98%	-20°C
CA1271-1g	Reagent Grade	>98%	-20°C
CA1281-5g	Reagent Grade	>98%	 -20℃
CA1291-50g	Reagent Grade	 >98%	RT
CA1301-10g	Reagent Grade	>95 %	RT
CA1302-5ml		≥97%  	RT
CA1303-250mg		>98 % 	RT
CA1315-1mg		≥97% (HPLC)	-20°C
CA1315-5mg		≥97% (HPLC)	-20°C
CA1321-50mg	Protease Inhibitor Grade	>98% 	2-8°C
CA1321-250mg	Protease Inhibitor Grade	>98% 	2-8°C
CA1331-500g	N/A	N/A	RT
CA1331-1kg	N/A	N/A	RT
CA1331-5kg	N/A	N/A	RT
CA1341B-100×1g	未知	未知	未知
CA1341-100g	Biotech Grade	N/A	RT
CA1341-500g	Biotech Grade	N/A	RT
CA1341-1kg	Biotech Grade	N/A	RT
CA1351-2.5g	未知	未知	未知
CA1351-5g	Biotech Grade	N/A	RT
CA1351-25g	Biotech Grade	N/A	RT
CA1351-100g	Biotech Grade	N/A	RT
CA1352-5g	Biotech Grade	N/A	RT
CA1352-25g	Biotech Grade	N/A	RT
CA1352-250g	Biotech Grade	N/A	RT
CA1361-1g	Reagent Grade	>98%	2-8°C
CA1371-5g	Biotech Grade	≥99.0% 	2-8°C
CA1371-25g	Biotech Grade	≥99.0% 	2-8°C
CA1381-10g	Biotech Grade	>98%	2-8°C
CA1381-25g	Biotech Grade	>98%	2-8°C
CA1381-50g	Biotech Grade	>98%	2-8°C
CA1381-100g	Biotech Grade	>98%	2-8°C
CA1381-500g	Biotech Grade	>98%	2-8°C
CA1381-500g×2	未知	未知	未知
CA1382-5g		＞98%	2-8℃
CA1391-25g	USP Grade	≥99%	RT
CA1391-100g	USP Grade	≥99%	RT
CA1392-25g	N/A	≥98%	RT
CA1401-100g	Reagent Grade	>98.5%	RT
CA1411-25g	BC Grade	62-88%	RT
CA1411-100g	BC Grade	62-88%	RT
CA1421-1g	BC Grade	≥90%	2-8℃
CA1421-10g	BC Grade	≥90%	2-8℃
CA1431-1g	BS Grade	Em(610nm,Water)>26,000	RT
CA1431-5g	BS Grade	Em(610nm,Water)>26,000	RT
CA1441-5ku	BC Grade	≥300 units/mg	-20°C
CA1441-15ku	BC Grade	≥300 units/mg	-20°C
CA1445-500g	N/A	≥99.0%	RT
CA1451-100g	Reagent Grade	N/A	RT
CA1461-100g	Reagent Grade	 >98%	RT
CA1461-500g	Reagent Grade	 >98%	RT
CA1471-1g	Ind Grade	N/A	RT
CA1481-5g	Ind Grade	N/A	RT
CA1491-5g	Ind Grade	Dye content>50%	RT
CA1501-5g	Ind Grade	Dye content>70% 	RT
CA1511-5g	Ind Grade	N/A	2-8°C
CA1521-5g	Reagent Grade	>200,000U/g	-20℃
CA1531-5g	Reagent Grade	≥98.0%	RT
CA1541-5g	Reagent Grade	>98%	2-8°C
CA1541-10g	Reagent Grade	>98%	2-8°C
CA1551-1mg	BC Grade	＞98%	-20°C
CA1561-10g	BS Grade	Dye content>80%	RT
CA1571-10mg	Reagent Grade	≥95%	-20 °C
CA1581-5g	BS Grade	Dye content>80%	RT
CA1581-10g	BS Grade	Dye content>80%	RT
CA1591-10mg	Reagent Grade	~98% (TLC) 	-20 °C
CA1601-250mg	Reagent Grade	>900 u/mg	2-8°C
CA1601-1g	Reagent Grade	>900 u/mg	2-8°C
CA1603-1G		N/A	2-8℃
CA1611-2mg	BC Grade	N/A	 -20℃
CA1621-25g	Reagent Grade	＞98% 	RT
CA1621-100g	Reagent Grade	＞98% 	RT
CA1641-25g	Reagent Grade	≥99.0%	2-8°C
CA1651-25g	Reagent Grade	>98%	RT
CA1653-1g		 ≥98%   	RT
CA1654-25g		>95% 	RT
CA1661-25g	Reagent Grade	>98.5% 	RT
CA1662-1g	Reagent Grade	≥98%	 -20℃
CA1671-5g	Reagent Grade	>99% 	2-8°C
CA1681-1g	Reagent Grade	>98%	2-8°C
CA1751-100g	Reagent Grade	>98%	RT
CA1761-100g		>98%	RT
CA1771-500g	Reagent Grade	≥97%	2-8°C
CA1781-100g	Reagent Grade	≥99.0%	RT
CA1791-500g	Reagent Grade	≥99.0%	RT
CA1800-25G		Purity >99%	RT
CA1810-500g	试剂级别	＞99%	RT
CA1811-500g	Reagent Grade	99.5%	RT
CA1821-500g	USP Grade	99%	RT
CA1831-100g	USP Grade	>98%  	RT
CA1841-100g	USP Grade	Fe:20.5-22.5%	RT
CA1861-100g	Reagent Grade	≥98%	RT
CA1862-100G	Reagent Grade	>98%	RT
CA1881-25g	Reagent Grade	81.0-83.0% MoO3 basis	RT
CA1881-100g	Reagent Grade	81.0-83.0% MoO3 basis	RT
CA1891-100g	Reagent Grade	≥98%	RT
CA1901-100g	Reagent Grade	99.5-101.0%	RT
CA1921-500g	ACS Grade	>99% 	RT
CA1931-500g	ACS Grade	>99.5% 	RT
CA1941-500g	Reagent Grade	>98%	RT
CA1951-500g	Molecular Biology Grade	≥99%	RT
CA1951-1kg	Molecular Biology Grade	≥99%	RT
CA1951-5kg	Molecular Biology Grade	≥99%	RT
CA1952-100g		≥99%	RT
CA1961-1g	USP Grade	>98%	2-8°C
CA1971-12ml	N/A	N/A	2-8℃避光
CA1981-12ml	N/A	N/A	2-8℃避光
CA1991-12ml	N/A	N/A	2-8℃避光
CA2001-12ml	N/A	N/A	2-8℃避光
CA2011-100mg	USP Grade	>98%	-20 °C
CA2011-1g	USP Grade	>98%	-20 °C
CA2021-25mg	USP Grade	>45%（有效含量）	-20 °C
CA2021-100mg	USP Grade	>45%（有效含量）	-20 °C
CA2021-1g	USP Grade	>45%（有效含量）	-20 °C
CA2031-5g	USP Grade	>98%	2-8°C
CA2031-10g	USP Grade	>98%	2-8°C
CA2031-100g	USP Grade	>98%	2-8°C
CA2041-5g	USP Grade	900-1050mcg/mg	2-8°C
CA2051-25g	BP Grade	≥99% 	RT
CA2051-100g	BP Grade	≥99% 	RT
CA2061-25g	BP Grade	>98%	RT
CA2071-1g	Reagent Grade	≥99.0%	RT
CA2081-250g	Reagent Grade	4000U/g	2-8°C
CA2091-100g	Reagent Grade	70u/mg	2-8°C
CA2091-250g	Reagent Grade	70u/mg	2-8°C
CA2092-5g		≥100,000u/g	2-8°C
CA2101-5g	BS Grade	Dye content>75%	RT
CA2109-5mg	N/A	≥98% 	-20℃
CA2121-5g	Reagent Grade	>98%	RT
CA2121-25g	Reagent Grade	>98%	RT
CA2131-5mg	Reagent Grade	>98%  	-20℃
CA2141-25g	Reagent Grade	>99%	RT
CA2151-10g	Reagent Grade	>98%	RT
CA2161-5mg	BC Grade	N/A	2-8°C
CA2171-25g	USP Grade	>98%	RT
CA2181-1g	BC Grade	>98%	2-8°C
CA2181-5g	BC Grade	>98%	2-8°C
CA2191-1g	N/A	Water (by Karl Fischer)  ≤10 %       	RT
CA2191-5g	N/A	Water (by Karl Fischer)  ≤10 %       	RT
CA2201-250mg	未知	未知	未知
CA2201-1g	未知	未知	未知
CA2211-5mg	Reagent Grade	3-8 TIU/mg solid	2-8°C
CA2211-10mg	Reagent Grade	3-8 TIU/mg solid	2-8°C
CA2221-10g	Reagent Grade	≥98% 	RT
CA2221-100g	Reagent Grade	≥98% 	RT
CA2231-10g	Reagent Grade	≥99%	RT
CA2231-100g	Reagent Grade	≥99%	RT
CA2232-1g	Reagent Grade	(GC)>97.0%	RT
CA2233-25G	试剂级别	≥99.5%	2-8℃
CA2233-100G	试剂级别	≥99.5%	2-8℃
CA2241-25g	USP Grade	≥98% (TLC)	RT
CA2241-100g	USP Grade	≥98% (TLC)	RT
CA2241-500g	USP Grade	≥98% (TLC)	RT
CA2251-25g	USP Grade	98.5-101.5%	RT
CA2251-100g	USP Grade	98.5-101.5%	RT
CA2251-500g	USP Grade	98.5-101.5%	RT
CA2260-1ku		158U/mg	-20°C
CA2261-25g	USP Grade	99%	RT，避光 干燥
CA2261-100g	USP Grade	99%	RT，避光 干燥
CA2261-500g	USP Grade	99%	RT，避光 干燥
CA2271-25g	BR Grade	≥98%	RT
CA2271-100g	BR Grade	≥98%	RT
CA2271-500g	BR Grade	≥98%	RT
CA2281-25g	USP Grade	≥99%	RT
CA2281-100g	USP Grade	≥99%	RT
CA2291-25g	Reagent Grade	>99%	RT
CA2291-100g	Reagent Grade	>99%	RT
CA2292-25g	Reagent Grade	>99%	RT
CA2292-100g	Reagent Grade	>99%	RT
CA2301-25g	Reagent Grade	>99%	RT
CA2321-1g	USP Grade	N/A	2~8°C
CA2331-10g	USP Grade	Dye content>80%	RT
CA2341-1mg	Reagent Grade	≥98%	-20 °C
CA2341-5mg	Reagent Grade	≥98%	-20 °C
CA2350-250mg		≥98%	-20°C
CA2350-1g		≥98%	-20°C
CA2351-25g	Reagent Grade	98%	RT
CA2352-25mg		＞98%	2-8℃
CA2353-1g		≥98% 	-20℃
CA2361-1g	Reagent Grade	>98%	2-8℃
CA2361-5g	Reagent Grade	>98%	2-8℃
CA2371-1g	Reagent Grade	≥95%	RT
CA2381-5g	BS Grade	Dye content >80%	RT
CA2391-5g	BS Grade	≥94%	RT
CA2401-5g	BS Grade	Dye content >75%	RT
CB2411-100ku	USP Grade	>40 U/mg	2-8℃
CB2421-25ug	未知	未知	未知
CB2430-250MG	N/A	＞98%	RT
CB2441-5g	Reagent Grade	>96%	RT
CB2461-5g	Developer Grade	Dye Content (%) 80	RT
CB2471-100ml	N/A	N/A	2-8℃
CB2481-1g	Reagent Grade	>98% 	2-8℃
CB2481-5g	Reagent Grade	>98% 	2-8℃
CB2501-500g	Reagent Grade	总氮≥13%	RT
CB2511-500g	Reagent Grade	N/A	RT
CB2521-25g	Reagent Grade	>98% 	RT
CB2531-5g	Reagent Grade	>99%	RT
CB2531-10g	Reagent Grade	>99%	RT
CB2551-25g	Reagent Grade	>98%	RT
CB2561-25g	Reagent Grade	≥99.5%	RT
CB2571-100g	Reagent Grade	>99%	RT
CB2581-100g	Reagent Grade	>98%	RT
CB2591-100g	Reagent Grade	≥99.0%	RT
CB2601-1g	Reagent Grade	>98%	2-8℃
CB2601-5g	Reagent Grade	>98%	2-8℃
CB2611-1g	Reagent Grade	≥98%	RT
CB2611-5g	Reagent Grade	≥98%	RT
CB2611-10g	Reagent Grade	≥98%	RT
CB2621-5g	Reagent Grade	>90%	RT
CB2631-10g	未知	未知	未知
CB2641-10g	Molecular Biology Grade	>99%   	RT
CB2651-25g	Molecular Biology Grade	Dye content>50%	RT
CB2661-100g	Reagent Grade	≥98.0% 	RT
CB2671-100g	Reagent Grade	≥98%	RT
CB2681-25g	Reagent Grade	>99%	RT
CB2681-100g	Reagent Grade	>99%	RT
CB2691-25g	BS Grade	>90%	RT
CB2692-25g	N/A	N/A	RT
CB2693-25g	N/A	N/A	RT
CB2731-5g	Reagent Grade	98%	RT
CB2741-5g	N/A	 >98% 	RT
CB2745-500g	N/A	N/A	RT
CB2751-25g	Reagent Grade	>99.0%	RT
CB2761-25mg	Reagent Grade	≥98% (HPLC)  	−20°C
CB2771-25mg	Reagent Grade	≥98% (HPLC) 	 −20°C
CB2782-250mg	N/A	＞95%HPLC	2-8℃
CB2791-10g	Reagent Grade	>99% 	RT
CB2791-25g	Reagent Grade	>99% 	RT
CB2791-100g	Reagent Grade	>99% 	RT
CB2801-25g	Reagent Grade	≥99.0%	RT
CB2811-25g	Reagent Grade	>98%	RT
CB2831-100mg	Reagent Grade	>99%	-20°C
CB2872-250G	N/A	>80%	RT
CB2873-1mg	N/A	>98%	-20°C
CB2881-250g	Reagent Grade	N/A	RT
CB2891-5g	BS Grade	Dye content~95%  	RT
CB2901-5g	BS Grade	Activity 800U/mg	 -20℃
CB2901-25g	BS Grade	Activity 800U/mg	 -20℃
CB2911-5g	Reagent Grade	N/A	RT
CB2921-5g	Reagent Grade	>98%	RT
CB2931-5g	Reagent Grade	Dye Content ≥90.0%	RT
CB2941-5g	Ind Grade	Dye content >90% 	RT
CB2951-100mg	Reagent Grade	≥99% (HPLC)	-20°C
CB2951-1g	Reagent Grade	≥99% (HPLC)	-20°C
CB2959-1G	N/A	>98% 	RT
CB2960-1G	N/A	＞98% 	RT
CB2961-5g	BS Grade	N/A	RT
CB2961-10g	BS Grade	N/A	RT
CB2961-25g	BS Grade	N/A	RT
CB2971-5g	BS Grade	N/A	RT
CB2971-10g	BS Grade	N/A	RT
CB2990-5g	Reagent Grade	>98%	RT
CB2991-1g	Reagent Grade	>99%	-20°C
CB3000-25ml	N/A	＞98%	2-8℃
CB3001-5g	N/A	>98.0%              	RT
CC3041-1g	Ind Grade	N/A	RT
CC3051-1g	Ind Grade	λmax：470nm & 509nm	RT
CC3061-100g	Tech Grade	≥96%	RT
CC3061-500g	Tech Grade	≥96%	RT
CC3062-500g	Tech Grade	≥99-103％	RT
CC3071-25ml	Commercial Grade	N/A	RT
CC3071-100ml	Commercial Grade	N/A	RT
CC3081-5g	Reagent Grade	>98%(HPLC)	-20°C
CC3091-25g	Molecular Biology Grade	 >99% 	RT
CC3091-100g	Molecular Biology Grade	 >99% 	RT
CC3101-25g	Molecular Biology Grade	>99% 	RT
CC3121A-1g	N/A	N/A	2-8℃
CC3121A-5g	N/A	N/A	2-8℃
CC3121A-10g	N/A	N/A	2-8℃
CC3121A-25g	N/A	N/A	2-8℃
CC3121A-100g	N/A	N/A	2-8℃
CC3131-5g	Reagent Grade	>98%	RT
CC3140-25mg	N/A	≥90% (HPLC) 	-20°C
CC3141-250mg	Plant Hormones Grade	>97%	-20°C
CC31411-50g	N/A	羧化度≥80%	RT
CC3142-1g		＞98%	2-8°C
CC3143-10mg	N/A	＞95%	-20°C
CC3151-1g	BS Grade	>80%	RT
CC3151-5g	BS Grade	>80%	RT
CC3152-5g	N/A	≥99%  	RT
CC3161-5g	USP Grade	≥98%	2-8℃
CC3171-500g	Reagent Grade	N/A	RT
CC3171-1kg	Reagent Grade	N/A	RT
CC3171-5kg	Reagent Grade	N/A	RT
CC3181-100g	Reagent Grade	N/A	RT
CC3181-500g	Reagent Grade	N/A	RT
CC3191-100g	Reagent Grade	N/A	RT
CC3191-500g	Reagent Grade	N/A	RT
CC3201-100g	Reagent Grade	N/A	RT
CC3201-500g	Reagent Grade	N/A	RT
CC3202-25g	未知	未知	未知
CC3203-100g	N/A	N/A	RT
CC3203-500g	N/A	N/A	RT
CC3221-1g	BC Grade	N/A	-20°C
CC3241-5g	Ind Grade	N/A	RT
CC3250-25ml	N/A	N/A	RT
CC3251-10g	N/A	N/A	2-8℃
CC3251-25g	N/A	N/A	2-8℃
CC3251-100g	N/A	N/A	2-8℃
CC3251A-5g	未知	未知	未知
CC3251A-10g	未知	未知	未知
CC3252-5g	N/A	 >98%	2-8℃
CC3256-1G	N/A	≥97.0%   	2-8℃
CC3261-5g	Reagent Grade	>98%	RT
CC3261-25g	Reagent Grade	>98%	RT
CC3261-100g	Reagent Grade	>98%	RT
CC3271-1g	N/A	N/A	2-8℃
CC3271-5g	N/A	N/A	2-8℃
CC3272-1g	N/A	N/A	2-8℃
CC3272-5g	N/A	N/A	2-8℃
CC3281-1g	BC Grade	Activity  1:7000	2-8℃
CC3281-5g	BC Grade	Activity  1:7000	2-8℃
CC3291-1g	USP Grade	95.0~101.0%	2-8℃
CC3301-5g	试剂级	N/A	RT
CC3301-25g	试剂级	N/A	RT
CC3311-10g	试剂级	N/A	RT
CC3311-100g	试剂级	N/A	RT
CC3321-50g	Molecular Biology Grade	>99.9% 	RT
CC3321-500g	Molecular Biology Grade	>99.9% 	RT
CC3331-25g	Reagent Grade	>99%	2-8℃
CC3341-100g	Molecular Biology Grade	>99%	RT
CC3351-1g	Reagent Grade	pH (10%, Water) @25C:5.0-7.0 	RT
CC3351-5g	Reagent Grade	pH (10%, Water) @25C:5.0-7.0 	RT
CC3351-25g	Reagent Grade	pH (10%, Water) @25C:5.0-7.0 	RT
CC3361-1g	Reagent Grade	>98%	RT
CC3371-500g	未知	未知	未知
CC3381-5g	Reagent Grade	≥97%	RT
CC3391-25g	Reagent Grade	>99%	RT
CC3391-100g	Reagent Grade	>99%	RT
CC3401-10g	Reagent Grade	N/A	RT
CC3401-100g	Reagent Grade	N/A	RT
CC3411-100g	Reagent Grade	≥95%	RT
CC3411-500g	Reagent Grade	≥95%	RT
CC3421-10g	试剂级		RT
CC3421-50g	试剂级		RT
CC3430-100g	N/A	≥24%	RT
CC3451-10g	USP Grade	Potency>900u/mg 	RT
CC3451-100g	USP Grade	Potency>900u/mg 	RT
CC3461-100g	Reagent Grade	>98.5%	RT
CC3471-25g	Reagent Grade	≥98% 	RT
CC3471-100g	Reagent Grade	≥98% 	RT
CC3481-1g	Reagent Grade	>98%	2-8℃
CC3491-10g	Reagent Grade	>97%	-20°C
CC3501-100g	Plant Hormones Grade	>98.5%	RT
CC3511-10g	Reagent Grade	>98%	RT
CC3511-100g	Reagent Grade	>98%	RT
CC3521-1g	Reagent Grade	>98%	RT
CC3522-1g	BP Grade	>98% 	RT
CC3522-10g	BP Grade	>98% 	RT
CC3531-5g	Reagent Grade	98%	2-8℃
CC3541-100mg	未知	未知	未知
CC3541-1g	未知	未知	未知
 CC3542-100G	N/A	N/A	RT
CC3551-1g	USP Grade	Potency (mcg/mg)≥900   	2-8℃
CC3551-5g	USP Grade	Potency (mcg/mg)≥900   	2-8℃
CC3561-25g	Reagent Grade	≥98%	2-8℃
CC3561-100g	Reagent Grade	≥98%	2-8℃
CC3561A-25g	Reagent Grade	≥99%	2-8℃
CC3561A-100g	Reagent Grade	≥99%	2-8℃
CC3571-25g	Reagent Grade	＞98% 	RT
CC3581-5g	试剂级	≥99%	RT
CC3581-25g	试剂级	≥99%	RT
CC3590-100g	N/A	>98%	RT
CC3591-100g	Reagent Grade	>98.5%	RT
CC3601-5g	Tech Grade	>95%	2-8℃
CC3611-5g	Ind Grade	>98%	RT
CC3621-25g	Reagent Grade	>98%	RT
CC3631-10g	试剂级	50-100 mesh（dry）	2-8°C
CC3631-25g	试剂级	50-100 mesh（dry）	2-8°C
CC3631-100g	试剂级	50-100 mesh（dry）	2-8°C
CC3632-5g	Reagent Grade	>97%	RT
CC3641-50mg	USP Grade	≥90% (HPLC)	2-8℃
CC3651-1g	BC Grade	N/A	-20°C
CC3660	N/A	＞98%  	2-8℃
CC3661-5g	USP Grade	97.5～102.0% 	2-8℃
CC3671-100g	Reagent Grade	99.0 - 102.0%	RT
CC3671-500g	Reagent Grade	99.0 - 102.0%	RT
CC3672-100g	N/A	>98%	RT
CC3681-1g	USP Grade	>95%	RT
CC3691-1g	USP Grade	>97%	2-8℃
CC3691-5g	USP Grade	>97%	2-8℃
CC3711-100g	BR Grade	N/A	RT
CC3720-5mg		>95% 	−20°C
CC3720-10mg		>95% 	−20°C
CC3721-10mg	Reagent Grade	≥85% (UV, HPLC)	-20°C
CC3721-25mg	Reagent Grade	≥85% (UV, HPLC)	-20°C
CC3731-100mg	Reagent Grade	≥98.5% ( HPLC)	-20°C
CC3731-1g	Reagent Grade	≥98.5% ( HPLC)	-20°C
CC3751-1g	试剂级	N/A	2-8℃
CC3781G-100mg	N/A	Activity: ≥125U/mg (批次酶活有区别，以标签为准)	2-8℃
CC3781G-1g	N/A	Activity: ≥125U/mg (批次酶活有区别，以标签为准)	2-8℃
CC3791G-100mg	N/A	Activity: ≥125U/mg (批次酶活有区别，以标签为准)	2-8℃
CC3791G-1g	N/A	Activity: ≥125U/mg (批次酶活有区别，以标签为准)	2-8℃
CC3801G-100mg		Activity: ≥125U/mg (批次酶活有区别，以标签为准)	2-8℃
CC3801G-1g		Activity: ≥125U/mg (批次酶活有区别，以标签为准)	2-8℃
CC3811-25mg	试剂级	Activity: ≥125U/mg (批次酶活有区别，以标签为准)	2-8°C
CC3831-25mg	试剂级	N/A	-20℃
CC3831-100mg	试剂级	N/A	-20℃
CC3841-5g	certified grade	Dye content≥85%	RT
CC3851-5g	BS Grade	Em(595nm,H2O) >36300  	RT
CC3851-10g	BS Grade	Em(595nm,H2O) >36300  	RT
CC3861-5g	BS Grade	Em(595nm,H2O)  >33,000	RT
CC3861-10g	BS Grade	Em(595nm,H2O)  >33,000	RT
CC3871-500g	ACS Grade	99%	RT
CC3872-250g	N/A	 99%	RT
CC3873-1kg	N/A	＞ 98%	RT
CC3873-5kg	N/A	＞ 98%	RT
CC3881-50g	试剂级	≥99% (HPLC) 	RT
CC3891-100g	Reagent Grade	≥98%        	RT
CC3901-1g	Reagent Grade	>98% 	2-8℃
CC3911-5g	Reagent Grade	>99%	RT
CC3921-5g	Ind Grade	Dye content>90%	RT
CC3931-1g	Ind Grade	Dye content>80%	RT
CC3941-5g	Ind Grade	Dye content>90%	RT
CC3951-5g	Ind Grade	N/A	RT
CC3961-5g	Ind Grade	Dye content>95%	RT
CC3962-1g	BS Grade	Dye content>70% 	RT
CC3962-5g	BS Grade	Dye content>70% 	RT
CC3971-1g	Reagent Grade	>98%	RT
CC3980-1G	N/A	＞60% 	RT
CC3981-5g	Ind Grade	Dye Content  96.0-100.5%	RT
CC3981-25g	Ind Grade	Dye Content  96.0-100.5%	RT
CC3991-100g	Reagent Grade	>99%	RT
CC3991-500g	Reagent Grade	>99%	RT
CC3991-1kg	未知	未知	未知
CC4001-5g	AR Grade	N/A	2-8°C
CC4011-5g	Developer Grade	>95%	RT
CC4021-1g	Reagent Grade	>98%	-20°C
CC4031-5g	Reagent Grade	≥98%	RT
CC4041-5g	Reagent Grade	≥97% 	RT
CC4041F-250g	Reagent Grade	≥97% 	RT
CC4051-250mg	未知	未知	未知
CC4061-250mg	USP Grade	≥95% (HPLC)	2-8℃
CC4070-25g	N/A	 >98%	RT
CC4072-1g	N/A	>98%  	2-8℃
CC4081-25g	USP Grade	≥98% 	RT
CC4081-100g	USP Grade	≥98% 	RT
CC4091-25g	HIGH PURITY GRADE	≥98.5% 	RT
CC4091-100g	HIGH PURITY GRADE	≥98.5% 	RT
CC4101-25g	USP Grade	>240 °C (dec.)(lit.)	RT
CC4101-100g	USP Grade	>240 °C (dec.)(lit.)	RT
CC4111-5g	Reagent Grade	≥99% 	RT
CC4121-1mg	N/A	≥98% (HPLC)  	-20°C
CC4121-5mg	N/A	≥98% (HPLC)  	-20°C
CC4131-25mg	Molecular Biology Grade	>98%	-20°C
CC4131-100mg	Molecular Biology Grade	>98%	-20°C
CC4141-100mg	Reagent Grade	>95%	2-8℃
CC4151-25mg	AR Grade	≥95%	−20°C
CC4161-25mg	Reagent Grade	≥95% based on Mol. Wt. 12,327 basis	-20°C
CC4161-100mg	Reagent Grade	≥95% based on Mol. Wt. 12,327 basis	-20°C
CC4171-1g	未知	未知	未知
CC4171-5g		>99%	RT
CD4181-1g	Reagent Grade	>98%	-20°C
CD4181-5g	Reagent Grade	>98%	-20°C
CD4191-25g	Plant Hormones Grade	≥98% (HPLC)           	RT
CD4201-1g	Reagent Grade	>99%	-20°C
CD4211-100g	Reagent Grade	>96%	RT
CD4212-5g	N/A	>98%	RT
CD4221-100mg	Ultra Pure Grade	>98%  	-20°C
CD4222-1G	N/A	>99%	2-8℃
CD4222-5G	N/A	>99%	2-8℃
CD4231-1g	Reagent Grade	≥99%	RT
CD4241-100mg	Reagent Grade	(HPLC)>97%	2-8℃
CD4250-1g	N/A	>98%	-20℃
CD4251-1g	Reagent Grade	≥99% (GC)	RT
CD4261-10mg	生物技术级	>98%	2-8℃
CD4281-10g	Reagent Grade	≥98% (TLC and titration)	RT
CD4291-25g	Reagent Grade	>99.0%	RT
CD4301-100mg	USP Grade	>98%	2-8℃
CD4311-1g	Reagent Grade	>98%	RT
CD4321-100mg	试剂级	>98%(HPLC) 	RT
CD4321-1g	试剂级	>98%(HPLC) 	RT
CD4331-1g	Reagent Grade	≥98% 	-20°C
CD4341-100mg	Reagent Grade	>98%	-20°C
CD4351-1g	Reagent Grade	>98%  	-20℃
CD4351-5g	Reagent Grade	>98%  	-20℃
CD4361-5g	Reagent Grade	>98%	-20℃
CD4371-1g	Reagent Grade	>99%	2-8℃
CD4391-100mg	USP Grade	≥98% (HPLC)	2-8℃
CD4391-1g	USP Grade	≥98% (HPLC)	2-8℃
CD4401-1g	未知	未知	未知
CD4401-5g	未知	未知	未知
CD4401-10g	未知	未知	未知
CD4403-25g	N/A	N/A	RT
CD4404-25g	N/A	N/A	RT
CD4405-25g	N/A	N/A	RT
CD4406-25g	N/A	N/A	RT
CD4407-25g	N/A	N/A	RT
CD4408-25g	N/A	N/A	RT
CD4409-25g	N/A	N/A	RT
CD4410-25g	N/A	N/A	RT
CD4411-10g	ULTRA PURE GRADE	≥98%	RT
CD4411-25g	ULTRA PURE GRADE	≥98%	RT
CD4411-100g	ULTRA PURE GRADE	≥98%	RT
CD4411-500g	ULTRA PURE GRADE	≥98%	RT
CD4421-10g	试剂级	>98%	RT
CD4421-25g	试剂级	>98%	RT
CD4421-100g	试剂级	>98%	RT
CD4421-500g	试剂级	>98%	RT
CD4431-10g	Reagent Grade	N/A	RT
CD4441-10g	Reagent Grade	N/A	RT
CD4451-10g	Reagent Grade	N/A	RT
CD4461-10g	Reagent Grade	N/A	RT
CD4471-10g	Reagent Grade	N/A	RT
CD4481-10g	Reagent Grade	N/A	RT
CD4491-10g	Reagent Grade	N/A	RT
CD4491-100g	Reagent Grade	N/A	RT
CD4501-10g	未知	未知	未知
CD4502-5g	N/A	N/A	2-8℃
CD4511-500g	Pharmaceutical Grade	N/A	RT
CD4521-25g	Reagent Grade	>96%	RT
CD4522-500g	Application Grade		RT
CD4531-5g	Reagent Grade	>99%	RT
CD4541-100mg	N/A	＞98%	2-8℃
CD4550-25ml	N/A	≥99.0% 	RT
CD4561-5g	Reagent Grade	>90%  	RT
CD4562-100mg	N/A	>98% 	-20°C
CD4571-1g	Ind Grade	>95%	RT
CD4571-5g	Ind Grade	>95%	RT
CD4572-5g	N/A	>98.0%(GC)(T)	RT
CD4572-25g	N/A	>98.0%(GC)(T)	RT
CD4581-100g	Reagent Grade	>99%	RT
CD4591-25mg	Biotech Grade	>50%	-20°C
CD4601-5g	USP Grade	>98%    	2-8℃
CD4611-25g	Reagent Grade	>97%	RT
CD4621-5g	Reagent Grade	>99%	RT
CD4631-25g	Reagent Grade	98.0  	RT
CD4632-5g	N/A	≥98%	RT
CD4641-5g	Ind Grade	>98%	RT
CD4651-25g	Ind Grade	>98%	RT
CD4662-1g		>99.0%(HPLC)(T)	RT
CD4665-10mg	N/A	N/A	-20°C
CD4665-20mg	未知	未知	未知
CD4666-10mg	N/A	≥98.0%	-20°C
CD4666-25mg	N/A	≥98.0%	-20°C
CD4667-10mg	N/A	 ≥95%	-20°C
CD4668-1mg	N/A	≥90%	-20°C
CD4669-1mg	N/A	≥95.0%	-20°C
CD4663-10mg		＞97%	-20℃
CD4663-25mg		＞97%	-20℃
CD4672-10mg	N/A	N/A	-20°C
CD4672-25mg	N/A	N/A	-20°C
CD4671-5g	BS Grade	N/A	RT
CD4680-1g	N/A	＞99 .5% 	RT
CD4680-5g	N/A	＞99 .5% 	RT
CD4691-100mg	试剂级	N/A	-20°C
CD4691-500mg	试剂级	N/A	-20°C
CD4691-1g	试剂级	N/A	-20°C
CD4711-5g	Reagent Grade	>99%	RT
CD4721-100g	Reagent Grade	>97%   	RT
CD4731-100ml	Molecular Biology Grade	99.9%	RT
CD4731-500ml	Molecular Biology Grade	99.9%	RT
CD4731C-100ml	N/A	>99.9% 	RT
CD4732-5g		97%	-20°C
CD4741-25g	Reagent Grade	>98% 	RT
CD4751-5g	Ind Grade	N/A	RT
CD4771-10g	Reagent Grade	≥98% 	RT
CD4781-50mg	N/A	>98%	-20°C
CD4782-25G	N/A	N/A	2-8℃
CD4791-25g	Reagent Grade	>98%	RT
CD4801-25g	Reagent Grade	>98%	RT
CD4811-5g	Reagent Grade	≥99%	RT
CD4821-1g	USP Grade	>96%	2-8℃
CD4831-25g	EP Grade	>98%	-20°C
CD4832-100g		≥ 99% 	RT
CD4841-5g	Reagent Grade	98%	RT
CD4851-5mg	Reagent Grade	 >98% 	2-8℃
CD4851-25mg	Reagent Grade	 >98% 	2-8℃
CD4861-50mg	试剂级	N/A	2-8°C
CD4871-25mg	Molecular Biology Grade	≥300u/mg	-20°C
CD4871-100mg	Molecular Biology Grade	≥300u/mg	-20°C
CD4880-100mg	未知	未知	未知
CD4880-1g	试剂级别	≥98% 	-20°C
CD4880-5g	试剂级别	≥98% 	-20°C
CD4881-1g	USP Grade	N/A	2-8℃
CD4881-5g	USP Grade	N/A	2-8℃
CD4891-500mg	N/A	>97.0%	2-8℃
CD4891-1g	N/A	>97.0%	2-8℃
CD4911-1g	Ultra Pure Grade	≥99.0%	2-8℃
CD4911-5g	Ultra Pure Grade	≥99.0%	2-8℃
CD4921-500mg	BC Grade	≥98% (TLC)	2-8℃
CD4921-1g	BC Grade	≥98% (TLC)	2-8℃
CD4931-5g	Molecular Biology Grade	≥99% 	RT
CD4941-1g	Molecular Biology Grade	Purity(-SH Content) 99%	2-8℃
CD4941-5g	Molecular Biology Grade	Purity(-SH Content) 99%	2-8℃
CD4941-10g	Molecular Biology Grade	Purity(-SH Content) 99%	2-8℃
CD4941-25g	Molecular Biology Grade	Purity(-SH Content) 99%	2-8℃
CD4941-100g	Molecular Biology Grade	Purity(-SH Content) 99%	2-8℃
CE4950-5g	Reagent Grade	>98%	RT
CE4951-100g	Reagent Grade	>99.5%	RT
CE4951-250g	Reagent Grade	>99.5%	RT
CE4961-100g	Reagent Grade	>99.0%  pH(5%,H   O,25℃) :4.0-5.0	RT
CE4971-100g	Reagent Grade	>99.9%	RT
CE4971-500g	Reagent Grade	>99.9%	RT
CE4971-1kg	Reagent Grade	>99.9%	RT
CE4981-100g	Reagent Grade	>99.5%	RT
CE4982-100g	Reagent Grade	>98%	RT
CE4982-500g	Reagent Grade	>98%	RT
CE4983-100g	AR	≥98.0%	RT
CE4984-100g		≥97.0% 	RT
CE4985-100g	AR	≥98%	RT
CE4991-5g	Reagent Grade	>97% 	RT
CE4991-10g	Reagent Grade	>97% 	RT
CE5001-100mg	BC Grade	N/A	2-8℃
CE5001-1g	BC Grade	N/A	2-8℃
CE5011-5g	BC Grade	95.0~99.0%	2-8℃
CE5012-5G	N/A	≥98%	2-8℃
CE5021-5g	BS Grade	>90%	RT
CE5031-10g	BS Grade	Dye Content >88.0% 	RT
CE5041-10g	CERTIFIED GRADE	Dye Content >88.0%	RT
CE5051-25mg	Biological technology Grade	>90%	−20°C
CE5051-100mg	Biological technology Grade	>90%	−20°C
CE5061-25g	Ind Grade	Dye content  >60%	RT
CE5071-5g	Reagent Grade	>85%	2-8℃
CE5081-25g	Reagent Grade	≥99%	2-8℃
CE5081-100g	Reagent Grade	≥99%	2-8℃
CE5091-1g	USP Grade	≥850μg/mg	2-8℃
CE5091-5g	USP Grade	≥850μg/mg	2-8℃
CE5091-100g	USP Grade	≥850μg/mg	2-8℃
CE5101-25g	Ind Grade	Dye content ≥90%	RT
CE5111-5g	Reagent Grade	≥98% 	RT
CE5112-1g	N/A	≥99.5%（HPLC）	2-8℃
CE5113-25g	N/A	≥98.0% 	RT,密封保存
CE5114-1G	N/A	>98%	RT
CE5115-5g	N/A	Fe:6%	RT
CE5121-100g	Plant Hormones Grade	>85%	RT
CE5141-100g	Reagent Grade	>98%	RT
CE5161-250g	BC Grade	N/A	RT
CE5162-1g	N/A	>98%   	RT
CE5163-250ml	未知	未知	未知
CE5164-10g	N/A	≥98% 	2-8℃
CE5165-5g	试剂级别	≥97%	RT
CE5171-1g	FMP Grade	Dye content ≥75%	RT
CE5171-5g	FMP Grade	Dye content ≥75%	RT
CF5181-5g	FMP Grade	N/A	−20°C
CF5191-5g	FMP Grade	N/A	2-8℃
CF5201-5g	BS Grade	N/A	−20°C
CF5211-5g	BS Grade	Dye content>85% 	RT
CF5231-1g	BS Grade	>98%	−20°C
CF5241-1g	Ind Grade	>98%	2-8℃
CF5251-1g	Reagent Grade	≥99.0% (HPLC)	RT
CF5261-25g	BS Grade	>70%      	RT
CF5271-25g	BC Grade	>98%	RT
CF5281-1g	Reagent Grade	≥99%	-20°C
CF5291-1g	USP Grade	≥99% (TLC)	RT
CF5291-5g	USP Grade	≥99% (TLC)	RT
CF5301-100mg		≥97%	-20°C
CF5301-1g		≥97%	-20°C
CF5302-5G	N/A	≥98.0%	2-8℃
CF5311-250mg	BR Grade	N/A	−20°C
CF5311-1g	BR Grade	N/A	−20°C
CF5321-10g	BC Grade	≥99%	RT
CF5321-100g	BC Grade	≥99%	RT
CF5331-5g	BC Grade	≥99%	RT
CF5341-50mg	Conjugation Grade	>95%	2-8℃
CF5341-100mg	Conjugation Grade	>95%	2-8℃
CF5342-500g	N/A	99.0 	
CF5351-1g	Reagent Grade	>97%	−20°C
CF5352-25g	试剂级	N/A	RT
CF5361-5g	USP Grade	 ≥97%	RT
CF5381-1g	Reagent Grade	>98.0%(T)	RT
CF5391-100ml	Reagent Grade	>99%	2-8℃
CF5391-500ml	Reagent Grade	>99%	2-8℃
CF5401-100ml	Molecular Biology Grade	 >99.5%	2-8℃
CF5401-500ml	Molecular Biology Grade	 >99.5%	2-8℃
CF5411-100mg	N/A	≥98%	−20°C
CF5421-500g	EP Grade	≥99%	RT
CF5421-1kg	EP Grade	≥99%	RT
CF5431-1g	Reagent Grade	98~101.0%	-20°C
CF5432-100g	N/A	≥97%	RT
CF5441-1g	Reagent Grade	>99%	RT
CF5441-10g	Reagent Grade	>99%	RT
CF5451-100g	purum Grade	>99%	RT
CF5461-25g	Reagent Grade	>97%	RT
CF5462-5G		≥98% 	RT
CF5463-25g	N/A	>98%	RT
CG5471-250mg	N/A	N/A	2-8℃
CG5471-500mg	N/A	N/A	2-8℃
CG5471-1g	N/A	N/A	2-8℃
CG5471-5g	N/A	N/A	2-8℃
CG5481-25g	BC Grade	≥99%	RT
CG5481-100g	BC Grade	≥99%	RT
CG5481-500g	BC Grade	≥99%	RT
CG5481-1kg	BC Grade	≥99%	RT
CG5491-100mg	Reagent Grade	≥99%	RT
CG5491-1g	Reagent Grade	≥99%	RT
CG5492-1g	BC Grade	≥97.0%  	RT
CG5501-25g	Reagent Grade	>98%	RT
CG5510-1g	N/A	≥98.5% 	2-8℃
CG5511-100g	CP Grade	N/A	RT
CG5511-500g	CP Grade	N/A	RT
CG5541-1mg	Reagent Grade	>98% 	-20°C
CG5551-500mg	Pathological Grade	Potency>590mcg/mg	2-8℃
CG5551-1g	Pathological Grade	Potency>590mcg/mg	2-8℃
CG5551-5g	Pathological Grade	Potency>590mcg/mg	2-8℃
CG5551-10g	Pathological Grade	Potency>590mcg/mg	2-8℃
CG5555-500g	N/A	N/A	RT
CG5561-25mg	Molecular Biology Grade	>96%	−20°C
CG5561-100mg	Molecular Biology Grade	>96%	−20°C
CG5571-250mg	BC Grade	≥90% 	RT
CG5571-1g	BC Grade	≥90% 	RT
CG5571N-5g	N/A	≥90%	RT
CG5572-1g		＞90%	2-8℃
CG5572-5g		＞90%	2-8℃
CG5580-5G	N/A	≥99%	2-8℃
CG5581-1g	Gertifiable Grade	Solubility (5.8mg/L MeOH)	RT
CG5581-5g	Gertifiable Grade	Solubility (5.8mg/L MeOH)	RT
CG5589-10g	N/A	N/A	RT
CG5589-50g	N/A	N/A	RT
CG5590-10g	N/A	N/A	RT
CG5590-100g	N/A	N/A	RT
CG5591-10g	N/A	N/A	RT
CG5591-100g	N/A	N/A	RT
CG5601-500g	N/A	N/A	RT
CG5602-100g	N/A	N/A	RT
CG5602-500g	N/A	N/A	RT
CG5603-100g	N/A	N/A	RT
CG5603-500g	N/A	N/A	RT
CG5611-1g	N/A	≥99% 	−20°C
CG5621-100u	N/A	N/A	2-8°C
CG5631-10g	Reagent Grade	≥99%	RT
CG5631-100g	Reagent Grade	≥99%	RT
CG5641-500g	Molecular Biology Grade	99.8%	RT
CG5641-1kg	Molecular Biology Grade	99.8%	RT
CG5651-500g	Biotech Grade	≥99.0%	RT
CG5661-1g	Reagent Grade	>98%	RT
CG5671-1g	Reagent Grade	> 98%	RT
CG5681-10ku	BC Grade	N/A	 -20℃
CG5691-500mg	Reagent Grade	≥98.0% (HPLC)	−20°C
CG5691-1g	Reagent Grade	≥98.0% (HPLC)	−20°C
CG5691-10g	Reagent Grade	≥98.0% (HPLC)	−20°C
CG5711-1ku	BC Grade	N/A	-20℃
CG5721-100mg	N/A	N/A	RT
CG5721-500mg	N/A	N/A	RT
CG5721-1g	N/A	N/A	RT
CG5741-1g	Reagent Grade	>99%	2-8℃
CG5741-5g	Reagent Grade	>99%	2-8℃
CG5751-5g	Reagent Grade	>98%	2-8℃
CG5751-10g	Reagent Grade	>98%	2-8℃
CG5751-100g	Reagent Grade	>98%	2-8℃
CG5761-1ku	BC Grade	N/A	-20℃
CG5771-100g	BC Grade	Assay(%)  98.5 - 101.5	RT
CG5781-5g	Reagent Grade	≥99% (TLC) 	RT
CG5791-100g	BC Grade	 >99%	RT
CG5791-500g	BC Grade	 >99%	RT
CG5801-25g	USP Grade	>98.5%	RT
CG5801-100g	USP Grade	>98.5%	RT
CG5811-100ml	Molecular Biology Grade	>99%	RT
CG5811-500ml	Molecular Biology Grade	>99%	RT
CG5821-10g	N/A	≥99.0% (titration)	RT
CG5821-25g	N/A	≥99.0% (titration)	RT
CG5831-500g	Biotech Grade	≥99%	RT
CG5831-1kg	Biotech Grade	≥99%	RT
CG5831-5kg	Biotech Grade	≥99%	RT
CG5835-250mg	N/A	≥97%  	RT
CG5841-100g	Reagent Grade	>98% 	RT
CG5851-100g	Reagent Grade	>98% 	RT
CG5861-500mg	Reagent Grade	≥85%	2-8℃
CG5861-1g	Reagent Grade	≥85%	2-8℃
CG5881-25g	Reagent Grade	>99%	RT
CG5891-25g	analytical standard	N/A	2-8℃
CG5891-100g	analytical standard	N/A	2-8℃
CG5901-1g	Ultra Pure Grade	>98%	2-8℃
CG5911-100g	Reagent Grade	>98%	RT
CG5931-5g	Molecular Biology Grade	>98%	2-8℃
CG5941-25mg	Molecular Biology Grade	98%	-20℃
CG5941-100mg	Molecular Biology Grade	98%	-20℃
CG5951-100g	Molecular Biology Grade	>98.5%	RT
CG5951-500g	Molecular Biology Grade	>98.5%	RT
CG5951-1kg	Molecular Biology Grade	>98.5%	RT
CG5951-5kg	Molecular Biology Grade	>98.5%	RT
CG5961-100g	ACS Grade	>99%	RT
CG5961-500g	ACS Grade	>99%	RT
CG5961-1kg	ACS Grade	>99%	RT
CG5971-5g	Reagent Grade	>99%	RT
CG5981-5g	Reagent Grade	≥98%	RT
CG5991-100g	N/A	N/A	RT
CG5991-500g	N/A	N/A	RT
CH6001-5g	BS Grade	N/A	RT
CH6001-10g	BS Grade	N/A	RT
CH6002-1g		 >95%	2-8℃
CH6002-5g		 >95%	2-8℃
CH6003-1g	N/A	N/A	长期储存-20℃
CH6003-10g	N/A	N/A	长期储存-20℃
CH6011-5g	N/A	N/A	2-8℃
CH6011-100g	N/A	N/A	2-8℃
CH6021-1g	BC Grade	Activity>150U/mg	2-8℃
CH6021-5g	BC Grade	Activity>150U/mg	2-8℃
CH6022-100mg	N/A	Activity≥180	2-8℃
CH6031-25g	Reagent Grade	>99%	RT
CH6031-100g	Reagent Grade	>99%	RT
CH6031-500g	Reagent Grade	>99%	RT
CH6031-1kg	Reagent Grade	>99%	RT
CH6041-25g	Reagent Grade	>99%	RT
CH6051-5g	Reagent Grade	>99%	RT
CH6051-25g	Reagent Grade	>99%	RT
CH6061-25g	Reagent Grade	>99%	RT
CH6071-25g	Reagent Grade	>99%	RT
CH6081-100g	BR Grade	≥99.0%	RT
CH6081-500g	BR Grade	≥99.0%	RT
CH6091-100g	BC Grade	 ≥98%	RT
CH6111-5g	Reagent Grade	>98%	2-8℃
CH6121-1g	BC Grade	>98%	2-8℃
CH6131-25g	USP Grade	98.5~101.5%	RT
CH6131-100g	USP Grade	98.5~101.5%	RT
CH6141-25g	USP Grade	98.5-101.5%	RT
CH6141-100g	USP Grade	98.5-101.5%	RT
CH6151-1g	Reagent Grade	>99% 	RT
CH6161-10mg	BC Grade	N/A	−20°C
CH6161-100mg	BC Grade	N/A	−20°C
CH6171-500mg	Hyaluronic acid sodium salt	>98%	2-8℃
CH6171-1g	Hyaluronic acid sodium salt	>98%	2-8℃
CH6181-100mg	EP Grade	≥300u/mg Solid	−20°
CH6181-1g	EP Grade	≥300u/mg Solid	−20°
CH6191-100g	Reagent Grade	>98%	RT
CH6201-100g	BC Grade	>98%	RT
CH6211-1g	BR Grade	≥98%	2-8℃
CH6211-5g	BR Grade	≥98%	2-8℃
CH6212-50g	N/A	>99%	RT
CH6213-5g	N/A	N/A	RT
CH6231-100g	Reagent Grade	>98.0%	RT
CH6241-100g	Reagent Grade	>98%	RT
CH6251-100g	N/A	>98%	RT
CH6252-100g	N/A	＞99%	RT
CH6261-25g	Reagent Grade	>99% 	RT
CH6271-25g	Reagent Grade	>99%	RT
CH6281-25g	Reagent Grade	>98%	2-8℃
CH6290-100g	N/A	N/A	RT
CH6291-100g	Reagent Grade	>96%	RT
CH6311-5g	Reagent Grade	≥99% 	RT
CH6311-25g	Reagent Grade	≥99% 	RT
CH6321-25g	ACS Grade	>99%	RT
CH6331-5g	N/A	N/A	2-8°C 
CH6341-25g	BR Grade	>98%	RT
CH6351-1g	Reagent Grade	>98%	2-8℃
CH6361-2×1ml	N/A	N/A	2-8℃
CH6361-20ml	N/A	N/A	2-8℃
CH6361-20ml×5	N/A	N/A	2-8℃
CH6362-1g	N/A	N/A	2-8℃
CH6362-5g	N/A	N/A	2-8℃
CH6371-5g	BC Grade	>99%	RT
CI6380-25g	USP Grade	≥98%	RT
CI6381-100g	Molecular Biology Grade	>99%	RT
CI6381-500g	Molecular Biology Grade	>99%	RT
CI6381-1kg	Molecular Biology Grade	>99%	RT
CI6382-100mg	N/A	~98.5% 	2-8℃
CI6391-25g	Reagent Grade	>98%	RT
CI6401-25g	Reagent Grade	Dye content  >85% 	RT
CI6411-5g	BS Grade	Dye content  >85% 	RT
CI6421-25g	未知	未知	未知
CI6431-5g	Plant Hormones Grade	>99%	2-8℃
CI6441-5g	Plant Hormones Grade	>98%(HPLC)	2-8℃
CI6451-5g	Plant Hormones Grade	>99%	RT
CI6461-25mg	Reagent Grade	(TLC)  >98%	−20°C
CI6471-25mg	Reagent Grade	>98%	RT
CI6481-25mg	Reagent Grade	>98%	−20°C
CI6491-5g	BC Grade	>98%	RT
CI6501-100mg	Reagent Grade	>98%	-20°C
CI6511-100g	Reagent Grade	≥99%	RT
CI6511-500g	Reagent Grade	≥99%	RT
CI6511-1kg	Reagent Grade	≥99%	RT
CI6521-250mg	Reagent Grade	>98%	2-8℃
CI6531-25g	Pract Grade	>90%	2-8℃
CI6531-100g	Pract Grade	>90%	2-8℃
CI6541-100g	BC Grade	>99%  	RT
CI6549-250mg	N/A	≥98% 	-20°C
CI6551-5g	N/A	≥99% (TLC) 	RT
CI6561-10mg	N/A	N/A	−20°C
CI6561-25mg	N/A	N/A	−20°C
CI6561-100mg	N/A	N/A	−20°C
CI6571-5g	Reagent Grade	≥99% (TLC) 	2-8℃
CI6571-10g	Reagent Grade	≥99% (TLC) 	2-8℃
CI6571-100g	Reagent Grade	≥99% (TLC) 	2-8℃
CI6581-5g	Reagent Grade	>98% 	-20°C
CI6591-250mg	Reagent Grade	>99%	-20°C
CI6592-1g	Reagent Grade	>99%	2-8℃
CI6601-5g	Reagent Grade	≥98.0% 	−20°C
CI6611-25mg	Plant Hormones Grade	≥98.5%	-20℃
CI6611-100mg	Plant Hormones Grade	≥98.5%	-20℃
CI6611-1g	Plant Hormones Grade	≥98.5%	-20℃
CI6612-10mg	N/A	≥98%	-20℃
CI6612-100mg	N/A	≥98%	-20℃
CI6621-5g	Molecular Biology Grade	>99.6%(TLC)	2-8℃
CI6621-10g	Molecular Biology Grade	>99.6%(TLC)	2-8℃
CI6621-100g	Molecular Biology Grade	>99.6%(TLC)	2-8℃
CI6622-250g	未知	未知	未知
CI6631-100g	USP Grade	≥99%	RT
CI6632-100mg	N/A	＞99%	-20°C
CI6641-25g	USP Grade	98.5 - 101.5	RT
CI6641-100g	USP Grade	98.5 - 101.5	RT
CI6651-100g	Reagent Grade	>98%	RT
CI6661-100g	Reagent Grade	>98%	RT
CI6671-100g	Reagent Grade	>98%	RT
CJ6681-1g	BS Grade	Dye content 65%  	RT
CK6701-100g	Reagent Grade	>98%	2-8℃
CK6711-25g	Reagent Grade	>98%	2-8℃
CK6721-250mg	Plant Hormones Grade	≥98%	2-8℃
CK6721-1g	Plant Hormones Grade	≥98%	2-8℃
CK6731-5g	USP Grade	Potency>750vg/mg	RT
CK6731-10g	USP Grade	Potency>750vg/mg	RT
CK6731-100g	USP Grade	Potency>750vg/mg	RT
CL6741-2.5ku	试剂级	Specific Activity (U/mg) ：200-300	 -20℃
CL6751-250g	BC Grade	≥98% 	RT
CL6751-500g	BC Grade	≥98% 	RT
CL6751-1kg	BC Grade	≥98% 	RT
CL6761-100g	试剂级	N/A	RT
CL6761-500g	试剂级	N/A	RT
CL6771-1g	试剂级	≥95%   	RT
CL6781-100mg	试剂级	N/A	2-8°C
CL6781-500mg	试剂级	N/A	2-8°C
CL6789-1mg		≥96%	-20°C
CL6790-500g	N/A	 >98%	RT
CL6791-25g	Molecular Biology Grade	>97%	RT
CL6791-100g	Molecular Biology Grade	>97%	RT
CL6791-500g	Molecular Biology Grade	>97%	RT
CL6801-25g	BC Grade		2-8℃
CL6802-10g	试剂	N/A	2-8°C
CL6811-5g	BS Grade	>98%	RT
CL6821-2mg	BC Grade	N/A	2-8℃
CL6821-5mg	BC Grade	N/A	2-8℃
CL6831-25g	BC Grade	>99%	RT
CL6831-100g	BC Grade	>99%	RT
CL6834-50g	未知	未知	未知
CL6832-5g	N/A	>99%	RT
CL6833-10g		≥98.0% (HPLC)  	2-8℃
CL6841-1g	USP Grade	≥95.0%	2-8℃
CL6851-100mg	BC Grade	≥97%	-20°C
CL6861-5ml	BC Grade	>97%	2-8℃
CL6861-50ml	BC Grade	>97%	2-8℃
CL6862-1G	N/A	>95%	2-8℃
CL6871-5g	试剂级	N/A	2-8°C
CL6881-5g	Pharmaceutical Grade	≥99%	RT
CL6891-10mg	试剂级	N/A	2-8°C
CL6891-100mg	试剂级	N/A	2-8°C
CL6900-100g	生化试剂	>99%	RT
CL6900-500g	生化试剂	>99%	RT
CL6989-5g	N/A	 >95%  	RT
CL6901-100g	Molecular Biology Grade	99%	RT
CL6901-500g	Molecular Biology Grade	99%	RT
CL6911-25g	试剂级	N/A	RT
CL6911-100g	试剂级	N/A	RT
CL6921-25g	USP Grade	 >99% 	RT
CL6921-100g	USP Grade	 >99% 	RT
CL6928-25mg	N/A	>99% 	-20℃
CL6928-100mg	N/A	>99% 	-20℃
CL6929-25mg	N/A	≥99% 	-20℃
CL6930-25mg	N/A	＞99% 	-20℃
CL6930-100mg	N/A	＞99% 	-20℃
CL6930-500mg	N/A	＞99% 	-20℃
CL6931-1g	BS Grade	≥97% (HPLC) 	RT
CL6931-10g	BS Grade	≥97% (HPLC) 	RT
CL6932-1g	BS Grade	≥98%	RT
CL6932-10g	BS Grade	≥98%	RT
CL6951-1g	Molecular Biology Grade	Dnase and Rnase：None detected   Albumin and salmonella：None detected	-20℃
CL6951-5g	Molecular Biology Grade	Dnase and Rnase：None detected   Albumin and salmonella：None detected	-20℃
CL6961-5ku	试剂级	＞200 units/mg solid 	-20℃
CM6971-1g	N/A	N/A	2-8℃
CM6971-5g	N/A	N/A	2-8℃
CM6981-500g	Molecular Biology Grade	99.0 - 102.0	RT
CM6982-500g	N/A	99%	RT
CM6990-250g		N/A	RT
CM6991-500g	N/A	≥98.0 	RT
CM69911-500g	Molecular Biology Grade	98.0 - 102.0	RT
CM6992-500g		N/A	RT
CM7011-5g	Ind Grade	N/A 	RT
CM7021-5ku	BC Grade	N/A	2-8℃
CM7031-100g	Reagent Grade	≥99%	RT
CM7031-500g	Reagent Grade	≥99%	RT
CM7041-100g	Plant Hormones Grade	>98%	RT
CM7051-100g	Reagent Grade	>98%  	RT
CM7061-25g	BC Grade	95-100%	RT
CM7071-100g	Reagent Grade	>98%	RT
CM7081-25g	BC Grade	>98%	RT
CM7082-100g	BC Grade	≥99% 	RT
CM7083-500g	N/A	98%	RT
CM7091-100g	Reagent Grade	96-101.5%	RT
CM7091-500g	Reagent Grade	96-101.5%	RT
CM7091-1kg	Reagent Grade	96-101.5%	RT
CM7092-5g	Ultra Pure Grade	>99% 	RT
CM7092-10g	Ultra Pure Grade	>99% 	RT
CM7092-100g	Ultra Pure Grade	>99% 	RT
CM7101-5g	试剂级	98% 	2~8℃
CM7109-10g	未知	未知	未知
CM7110-5mg	N/A	＞95%	-20°C
CM7111-1g	未知	未知	未知
CM7121-1g	BC Grade	≥98.0%	RT
CM7131-1g	BC Grade	≥99.0%	RT
CM7141-25g	USP Grade	> 97%	2-8℃
CM7151-1g	N/A	>98% 	RT
CM7160-5g	试剂级	>95.0%(T) 	2-8℃
CM7162-1g	BC Grade	>98%	2-8℃
CM7170-1g	N/A	N/A	-20°C
CM7171-100g	Reagent Grade	N/A	RT
CM7171-500g	Reagent Grade	N/A	RT
CM7181-100g	BR Grade	≥98%	RT
CM7181-500g	BR Grade	≥98%	RT
CM7191-25g	Molecular Biology Grade	>99%	RT
CM7191-100g	Molecular Biology Grade	>99%	RT
CM7191-500g	Molecular Biology Grade	>99%	RT
CM7201-5g	未知	未知	未知
CM7211-25g	USP Grade	含量：98.5% - 101.5%	RT
CM7211-100g	USP Grade	含量：98.5% - 101.5%	RT
CM7221-100g	Reagent Grade	>98%	RT
CM7231-25g	Reagent Grade	viscosity 4,000 cP, 2 % in H2O(20 °C)(lit.)	RT
CM7241-1g	Reagent Grade	~85%   	RT
CM7242-5g	N/A	≥98% (HPLC)	2-8℃
CM7241-5g	Reagent Grade	~85%   	RT
CM7251-5g	Ind Grade	N/A	RT
CM7261-5g	Ind Grade	N/A	RT
CM7271-25g	Ind Grade	Dye content>60%	RT
CM7281-25g	BS Grade	N/A	RT
CM7291-10g	BS Grade	Dye Content (%) 98 - 103	RT
CM7291-50g	BS Grade	Dye Content (%) 98 - 103	RT
CM7301-25g	BC Grade	>99% 	RT
CM7301-100g	BC Grade	>99% 	RT
CM7311-100g	BC Grade	>98%	RT
CM7331-100g	Reagent Grade	>98%	RT
CM7341-25g	Reagent Grade	>98%	RT
CM7351-100mg	Plant Hormones Grade	(HPLC)>95%	-20°C
CM7361-5g	Reagent Grade	>98%	2-8℃
CM7371-1g	USP Grade	>98%	RT
CM7381-100ml	PCR Grade	N/A 	RT
CM7381-500ml	PCR Grade	N/A 	RT
CM7401-100g	Tech Grade	N/A	RT
CM7411-100g	BC Grade	>98%	RT
CM7421-100g	Reagent Grade	>98%	RT
CM7431-500mg	USP Grade	>90% (TLC) 	2-8℃
CM7431-1g	USP Grade	>90% (TLC) 	2-8℃
CM7441-25g	Molecular Biology Grade	>99.9%                	RT
CM7441-100g	Molecular Biology Grade	>99.9%                	RT
CM7441-500g	Molecular Biology Grade	>99.9%                	RT
CM7451-25g	Molecular Biology Grade	>98% 	RT
CM7461-250mg	BR Grade	>98% 	2-8℃
CM7461-1g	BR Grade	>98% 	2-8℃
CM7461-5g	BR Grade	>98% 	2-8℃
CM7471-25g	BC Grade	>98%	RT
CM7481-50mg	Molecular Biology Grade	>98%  	-20°C
CM7491-50mg	Molecular Biology Grade	≥99% (TLC)	-20°C
CM7501-25mg	Molecular Biology Grade	>99%	-20°C
CM7511-100mg	Molecular Biology Grade	>99%	-20°C
CM7521-250mg	Molecular Biology Grade	>98%	-20°C
CM7531-50mg	BC Grade	>95%	-20°C
CN7541-10g	Plant Hormones Grade	≥95%	RT
CN7541-100g	Plant Hormones Grade	≥95%	RT
CN7561-5g	Reagent Grade	≥98.0 - 102.0	RT
CN7561-25g	Reagent Grade	≥98.0 - 102.0	RT
CN7571-500mg	BC Grade	>98%	-20°C
CN7571-1g	BC Grade	>98%	-20°C
CN7571-5g	BC Grade	>98%	-20°C
CN7581-250mg	BC Grade	 >98%	-20℃
CN7581-1g	BC Grade	 >98%	-20℃
CN7591-100mg	BC Grade	>98%	-20°C
CN7591-500mg	BC Grade	>98%	-20°C
CN7591-1g	BC Grade	>98%	-20°C
CN7601-25mg	BC Grade	>98%	-20℃
CN7601-100mg	BC Grade	>98%	-20℃
CN7601-1g	BC Grade	>98%	-20℃
CN7611-10g	BC Grade	>98%	RT
CN7631-25g	Plant Hormones Grade	≥95%	RT
CN7641-10g	Reagent Grade	≥99% 	RT
CN7651-100g	Reagent Grade	>99%	RT
CN7652-5g		≥90%	RT
CN7661-25g	BS Grade	Dye content>50%	RT
CN7671-100g	Plant Hormones Grade	>98% 	RT
CN7681-25g	Plant Hormones Grade	>98% 	RT
CN7691-5g	未知	未知	未知
CN7710	N/A	>99% 	RT
CN7711-1g	BC Grade	≥98%	RT
CN7721-1g	Reagent Grade	≥95%	2-8°C
CN7731-100mg	BS Grade	>99%  	2-8℃
CN7731-500mg	BS Grade	>99%  	2-8℃
CN7731-1g	BS Grade	>99%  	2-8℃
CN7741-5g	USP Grade	Potency>600IU/mg	2-8℃
CN7741-10g	USP Grade	Potency>600IU/mg	2-8℃
CN7741-100g	USP Grade	Potency>600IU/mg	2-8℃
CN7750-100ml	N/A	N/A	RT
CN7751-5g	AR	>60U/mg	−20°C
CN7761-5g	Ind Grade	Dye content >50.0%  	2-8℃
CN7771-100g	BC Grade	≥98%	RT
CN7821-25g	BC Grade	>98.5%	RT
CN7821-100g	BC Grade	>98.5%	RT
CN7821-1kg	BC Grade	>98.5%	RT
CN7839-100g	N/A	≥99% 	RT
CN7830-100mg		>95%	RT
CN7831-10g	BP Grade	N/A	RT
CN7831-25g	BP Grade	N/A	RT
CN7832-1g	Reagent Grade	900IU/mg	2-8℃
CN7832-5g	Reagent Grade	900IU/mg	2-8℃
CN7840-25g		>98%	RT
CN7841-10g	USP Grade	>98%	RT
CN7842-100mg	N/A	>98%   	RT
CN7842-500mg	N/A	>98%   	RT
CN7843-1G	N/A	>98%	RT
CN7851-5g	Reagent Grade	>98%	RT
CN7855-100mg	试剂级别	N/A	-20℃
CN7861-100g	Commercial Grade	≥99.0%	RT
CN7861-500g	Commercial Grade	≥99.0%	RT
CN7871-1g	Pharmaceutical Grade 	≥98%	2-8℃
CN7871-10g	Pharmaceutical Grade 	≥98%	2-8℃
CN7881-100mg	USP Grade	≥90% (HPLC)	2-8℃
CN7881-1g	USP Grade	≥90% (HPLC)	2-8℃
CN7891-100ml	N/A	N/A	RT
CN7891-500ml	N/A	N/A	RT
CN7901-1g	BS Grade	>95%	RT
CN7901-5g	BS Grade	>95%	RT
CN7911-100mg	USP Grade	≥4,400 USP units/mg	-20°C
CN7911-500mg	USP Grade	≥4,400 USP units/mg	-20°C
CN7911-1g	USP Grade	≥4,400 USP units/mg	-20°C
CO7921-100mg	BR Grade	≥98%	-20°C
CO7931-5g	BC Grade	>98%    	RT
CO7941-1g	USP Grade	≥99%    	2-8℃
CO7961-5g	BC Grade	N/A	RT
CO7971-50ug	未知	未知	未知
CO7981-10ug	未知	未知	未知
CO7991-5ml	BC Grade	>97%	2-8℃
CO7991-100ml	BC Grade	>97%	2-8℃
CO7991-500ml	BC Grade	>97%	2-8℃
CO8001-1g	Molecular Biology Grade	>99% 	 -20°C
CO8001-5g	Molecular Biology Grade	>99% 	 -20°C
CO8011-5g	BS Grade	Dye conten>95% 	RT
CO8021-5g	BS Grade	Dye content>95%	RT
CO8031-5g	Ind Grade	N/A	RT
CO8041-5g	Ind Grade	Dye Content (%) 80.0	RT
CO8051-1g	BS Grade	N/A	RT
CO8061-5g	未知	未知	未知
CO8061-25g	未知	未知	未知
CO8071-5g	USP Grade	>95% (TLC)	2-8℃
CO8080-25g	N/A	>99%  	RT
CO8081-100g	Reagent Grade	>98.5% 	RT
CO8091-1g	Reagent Grade	>97% 	2-8℃
CO8091-5g	Reagent Grade	>97% 	2-8℃
CO8101-5g	Pharmaceutical Grade	>97%	RT
CO8102-100mg	BC Grade	>98%	-20℃
CP8111-5mg	BC Grade	>99%	2-8℃
CP8111-25mg	BC Grade	>99%	2-8℃
CP8121-100g	Plant Hormones Grade	>95% mp171-173℃	RT
CP8131-5g	未知	未知	未知
CP8131-10g	BC Grade	lyophilized powder, 0.5-2 units/mg solid	RT
CP8151-1g	USP Grade	>94% 	-20°C
CP8161-5g	Ind Grade	Dye content >60%  	RT
CP8171O-25g	BC Grade	≥99.0%    	RT
CP8171A-25g	BC Grade	≥99.0%    	RT
CP8181-1g	BC Grade	>40U/mg 	2-8℃
CP8181-5g	BC Grade	>40U/mg 	2-8℃
CP8181Y-100mg	N/A	N/A	2-8℃
CP8181Y-1g	N/A	N/A	2-8℃
CP8186-500ml	Reagent Grade	Density（25°C） 1.127 g/ml	RT
CP8187-500ml	Reagent Grade	N/A	RT
CP8188-500ml	Reagent Grade	Density（25°C） 1.128 g/ml	RT
CP8191-250g	Reagent Grade	N/A	RT
CP8191-500g	Reagent Grade	N/A	RT
CP8201-250g	Reagent Grade	N/A	RT
CP8201-500g	Reagent Grade	N/A	RT
CP8211-100g	Reagent Grade	N/A	RT
CP8211-500g	Reagent Grade	N/A	RT
CP8221-250g	Reagent Grade	>99%	RT
CP8221-500g	Reagent Grade	>99%	RT
CP8221-5kg	Reagent Grade	>99%	RT
CP8231-250g	Molecular Biology Grade	N/A	RT
CP8231-500g	Molecular Biology Grade	N/A	RT
CP8241-250g	Molecular Biology Grade	>99%	RT
CP8241-500g	Molecular Biology Grade	>99%	RT
CP8251-250g	Reagent Grade	N/A	RT
CP8251-500g	Reagent Grade	N/A	RT
CP8261-250g	Reagent Grade	N/A	RT
CP8261-500g	Reagent Grade	N/A	RT
CP8271-5g	USP Grade	Potency:1440-1680 units/mg 	2-8℃
CP8271-10g	USP Grade	Potency:1440-1680 units/mg 	2-8℃
CP8271-100g	USP Grade	Potency:1440-1680 units/mg 	2-8℃
CP8272-5g	USP Grade	Potency：1440-1680 units per mg	2-8℃
CP8290-250mg	BC Grade	≥97% (enzymatic)  	-20 °C
CP8290-1g	BC Grade	≥97% (enzymatic)  	-20 °C
CP8291L-25g	USP Grade	≥3000FCC.U/mg	2-8℃
CP8291L-100g	USP Grade	≥3000FCC.U/mg	2-8℃
CP8291L-500g	USP Grade	≥3000FCC.U/mg	2-8℃
CP8291H-5g	USP Grade	≥1000u/mg Protein    	2-8℃
CP8291H-25g	USP Grade	≥1000u/mg Protein    	2-8℃
CP8301-5mg	BR Grade	> 75% (HPLC)	2-8℃
CP8301-25mg	BR Grade	> 75% (HPLC)	2-8℃
CP8311-100g	Reagent Grade	总氮≥14.5%，氨基氮≥2.5%	RT
CP8311-500g	Reagent Grade	总氮≥14.5%，氨基氮≥2.5%	RT
CP8331-100ml	Reagent Grade	1,131g/ml	RT
CP8341-25mg	BC Grade	mol wt Mr ~128000     quality:lyophilized 	2-8℃
CP8341-100mg	BC Grade	mol wt Mr ~128000     quality:lyophilized 	2-8℃
CP8351-5g	Reagent Grade	>99% 	RT
CP8361-5g	BC Grade	98%	RT
CP8381-5g	Ind Grade	N/A	RT
CP8382-5g	生化试剂	＞95%	RT
CP8411-5g	Ind Grade	≥98%	RT
CP8412-1g	BC Grade	>96%	-20 °C
CP8421-25g	Reagent Grade	≥98%	RT
CP8431-25g	Reagent Grade	>98%	RT
CP8441-25g	USP Grade	>98%	RT
CP8441-100g	USP Grade	>98%	RT
CP8481-5g	未知	未知	未知
CP8491-25g	Reagent Grade	>98%	RT
CP8499-200mg	N/A	≥98%	2-8℃
CP8501-25g	Reagent Grade	97%	RT
CP8521-25g	BC Grade	>98% 	RT
CP8531-1000u	Reagent Grada	N/A	-20℃
CP8541-25g	Reagent Grade	>65%	RT
CP8551-1g	Reagent Grade	>98% 	2-8℃
CP8561-100g	BC Grade	>98% 	RT
CP8581-100g	未知	未知	未知
CP8581-500g	未知	未知	未知
CP8581-1kg	未知	未知	未知
CP8591-5g	Reagent Grade	≥90% phosphorus (P) basis (dry basis)	RT
CP8591-10g	Reagent Grade	≥90% phosphorus (P) basis (dry basis)	RT
CP8601-1g	Plant Hormones Grade	>92%	2-8℃
CP8611-1g	未知	未知	未知
CP8621-25g	Molecular Biology Grade	>99%	RT
CP8621-100g	Molecular Biology Grade	>99%	RT
CP8631-5g	Reagent Grade	~90% (enzymatic)  	RT
CP8632-1g	Reagent Grade	≥75%	RT
CP8641-500mg	Reagent Grade	≥90% (UV)  	-20°C
CP8641-1g	Reagent Grade	≥90% (UV)  	-20°C
CP8651-1g	BR Grade	>99%	RT
CP8651-5g	BR Grade	>99%	RT
CP8661-250mg	BC Grade	>98% 	-20°C
CP8661-1g	BC Grade	>98% 	-20°C
CP8671-1g	Reagent Grade	 ≥97%	 -20℃
CP8671-5g	Reagent Grade	 ≥97%	 -20℃
CP8681-10mg	Biotech Grade	N/A	-20°C
CP8681-25mg	Biotech Grade	N/A	-20°C
CP8691-10mg	Biotech Grade	N/A	-20°C
CP8691-25mg	Biotech Grade	N/A	-20°C
CP8701-10mg	Biotech Grade	N/A	-20°C
CP8701-25mg	Biotech Grade	N/A	-20°C
CP8711-100mg	USP Grade	≥6,000 USP units/mg	2-8℃
CP8711-500mg	USP Grade	≥6,000 USP units/mg	2-8℃
CP8711-1g	USP Grade	≥6,000 USP units/mg	2-8℃
CP8711-5g	USP Grade	≥6,000 USP units/mg	2-8℃
CP8721-500g	Reagent Grade	N/A	RT
CP8731-25g	BR Grade	N/A	RT
CP8731-100g	BR Grade	N/A	RT
CP8741-5g	BS Grade	Em(520mm,H2O) >27000 	RT
CP8741-10g	BS Grade	Em(520mm,H2O) >27000 	RT
CP8751-500mg	Scint Grade	>99.0% 	RT
CP8761-5g	Molecular Biology Grade	≥99%	RT
CP8761-25g	Molecular Biology Grade	≥99%	RT
CP8771-500g	Molecular Biology Grade	 >99%	RT
CP8781-100g	Reagent Grade	≥98%	RT
CP8801-100g	Reagent Grade	>98%	RT
CP8811-100g	BC Grade	>99%	RT
CP8861-250g	Reagent Grade	>98%	RT
CP8871-250g	BR Grade	≥98%	RT
CP8881-100g	Reagent Grade	≥98.5% 	RT
CP8901-100g	Reagent Grade	>98%	RT
CP8911-100g	BC Grade	>98%	RT
CP8921-100g	BC Grade	>98%	RT
CP8941-100g	ACS Grade	>99%	RT
CP8941-500g	ACS Grade	>99%	RT
CP8941-1kg	ACS Grade	>99%	RT
CP8951-500g	Molecular Biology Grade	99.0-100.5%	RT
CP8951-1kg	Molecular Biology Grade	99.0-100.5%	RT
CP8982-10g	Reagent Grade	>98%	RT
CP8991-100g	Reagent Grade	>98% 	2-8℃
CP9021-500g	Molecular Biology Grade	≥99%	RT
CP9031-500g	ACS Grade	≥98.0%	RT
CP9041-500g	N/A	>98% 	RT
CP9042-500g	BC Grade	>98%	RT
CP9051-500g	BC Grade	≥97%	RT
CP9061-250g	Reagent Grade	>98%	RT
CP9071-500g	BR Grade	>99% 	RT
CP9081-500g	BC Grade	>97%    	RT
CP9091-250g	Reagent Grade	>99%	RT
CP9101-250g	Reagent Grade	>95%	RT
CP9110-500g	N/A	≥98.5%	RT
CP9111-1g	BC Grade	>98%	RT
CP9121-5g	BS Grade	Dye content>98%	RT
CP9122-5G	N/A	>98% 	RT
CP9131-25g	USP Grade	 >99% (TLC) 	RT
CP9131-100g	USP Grade	 >99% (TLC) 	RT
CP9141-250mg	Reagent Grade	Activity（Casein；pH7.440℃)>7000U/G	2-8℃
CP9151-1g	Reagent Grade	>98.0%(T)	RT
CP9161-10mg	BC Grade	≥95% (HPLC)	2~8℃
CP9161-25mg	BC Grade	≥95% (HPLC)	2~8℃
CP9171-1g	BC Grade	N/A	2-8℃
CP9191-100mg	BC Grade	>90%   	-20°C
CP9201-100g	Reagent Grade	N/A	RT
CP9211-25g	BS Grade	>98%	RT
CP9212-25g		N/A	RT
CP9230-250ml	N/A	N/A	RT
CP9231-25mg	USP Grade	≥98% (GC)	-20°C
CP9231-100mg	USP Grade	≥98% (GC)	-20°C
CP9241-5g	Reagent Grade	≥98%	RT
CP9251-100g	Molecular Biology Grade	N/A	RT
CP9251-500g	Molecular Biology Grade	N/A	RT
CP9260-100g	N/A	N/A	RT
CP9261-100g	Molecular Biology Grade	N/A	RT
CP9261-500g	Molecular Biology Grade	N/A	RT
CP9271-100g	Molecular Biology Grade	N/A	RT
CP9281-100g	Molecular Biology Grade	>99%	RT
CP9291-100g	未知	未知	未知
CP9291-500g	未知	未知	未知
CP9301-50g	Reagent Grade	>99%	RT
CP9301-100g	Reagent Grade	>99%	RT
CP9310-5g		≥98% 	RT
CP9311-5g	BR Grade	>98%	2-8℃
CP9321-1g	BR Grade	>99.5%	RT
CP9341-100g	Reagent Grade	≥98% (HPLC)	RT
CP9341-500g	Reagent Grade	≥98% (HPLC)	RT
CP9351-25g	BC Grade	>99%  	RT
CP9361-5g	Ind Grade	Dye content>30%	RT
CP9371-1g	Ind Grade	N/A	RT
CP9381-100g	BR Grade	>98%	2-8℃
CP9391-25g	Reagent Grade	>99% 	2-8℃
CP9391-100g	Reagent Grade	>99% 	2-8℃
CQ9401-5g	BC Grade	>98%	RT
CQ9411-10g	Reagent Grade	>98%	RT
CQ9421-5g		>98% 	RT
CQ9431-500g	N/A	≥95.0%	RT
CR9421-5g	BC Grade	>99%	RT
CR9421-25g	BC Grade	>99%	RT
CR9421-100g	BC Grade	>99%	RT
CR9421-500g	BC Grade	>99%	RT
CR9421-1kg	BC Grade	>99%	RT
CR9431-5mg	BC Grade	≥95% (HPLC)	-20°C
CR9431-50mg	BC Grade	≥95% (HPLC)	-20°C
CR9451-1g	Ind Grade	Composition Dye content, ~80%	RT
CR9452-100mg	Reagent Grade	≥99% (GC)  	-20°C
CR9461-5g	BC Grade	≥99%	RT
CR9471-5mg	生物技术级	≥95%(HPLC)	RT
CR9481-25g	Reagent Grade	N/A	RT
CR9491-10mg	Conjugation Grade	Protein Conjugation >70%	−20°C
CR9491-100mg	Conjugation Grade	Protein Conjugation >70%	−20°C
CR9501-5g	Ind Grade	>97%	RT
CR9511-1g	USP Grade	>98.5%	2-8℃
CR9521-5g	生物技术级	73-79% (fluorimetric) 	−20°C
CR9531-5g	BR Grade	>99% 	2-8°C
CR9541-1g	USP Grade	Potency> 660 U/mg	2-8℃
CR9551-500mg	USP Grade	≥97%(HPLC)	2-8℃
CR9551-1g	USP Grade	≥97%(HPLC)	2-8℃
CR9551-5g	USP Grade	≥97%(HPLC)	2-8℃
CR9551-10g	USP Grade	≥97%(HPLC)	2-8℃
CR9552-1g		≥65%	2-8℃
CR9552-5g		≥65%	2-8℃
CR9561-25mg	Molecular Biology Grade	N/A	−20°C
CR9561-100mg	Molecular Biology Grade	N/A	−20°C
CR9561-1g	Molecular Biology Grade	N/A	−20°C
CR9581-5g	BS Grade	Dye content ~90%	RT
CR9591-5g	Ind Grade	>85%	RT
CR9600-1g	N/A	＞95%	RT
CR9601-1g	USP Grade	Activity>940U/mg	2-8℃
CR9611-5g	Molecular Biology Grade	≥99.0% 	RT
CR9612-10mg	未知	未知	未知
CR9621-100mg	BS Grade	≥95%	2-8℃
CR9631-25g	Reagent Grade	>98%	RT
CS9631-5g	BS Grade	Dye content  >85% 	2-8℃
CS9641-10g	Reagent Grade	≥99.0% 	RT
CS9651-5g	BR Grade	≥99%	RT
CS9661-50g	USP Grade	>98%	RT
CS9671-100mg	N/A	N/A	-20°C
CS9671-500mg	N/A	N/A	-20°C
CS9681-10g	Pract Grade	total impurities  8-25% sapogenin 1.015-1.020 g/mL at 20 ℃ (5% in H2O)(lit.)  	2-8℃
CS9691-100g	USP Grade	>98%                     	RT
CS9701-100g	Molecular Biology Grade	>95%	RT
CS9701-500g	Molecular Biology Grade	>95%	RT
CS9711-100mg	BR Grade	>99.0 %	RT
CS9711-1g	BR Grade	>99.0 %	RT
CS9731-5g	Reagent Grade	>98%	2-8℃
CS9741-25g	USP Grade	≥98.5-101.5	RT
CS9741-100g	USP Grade	≥98.5-101.5	RT
CS9742-25g		>98.5%	RT
CS9751-250mg	BC Grade	>98%	2-8℃
CS9751-1g	BC Grade	>98%	2-8℃
CS9761-100mg	BC Grade	≥99%	RT
CS9761-1g	BC Grade	≥99%	RT
CS9771-100mg	AR Grade	≥98% 	−20°C
CS9771-1g	AR Grade	≥98% 	−20°C
CS9791-10ml	N/A	N/A	RT
CS9791-100ml	N/A	N/A	RT
CS9801-1g	Bc Grade	N/A	2-8℃
CS9801-5g	Bc Grade	N/A	2-8℃
CS9811-1mg	BR Grade	N/A	−20°C
CS9821-500g	ACS Grade	99-101%	RT
CS9841-25g	Reagent Grade	>98%	RT
CS9851-25g	Reagent Grade	>98%	RT
CS9861-250g	BC Grade	>99%	RT
CS9871-500g	ACS Grade	99.7 - 100.3	RT
CS9881-25g	BC Grade	>80%	RT
CS9891-100g	未知	未知	未知
CS9911-250g	AR Grade	>98%	RT
CS9930-5g		≥98%	RT
CS9931-100g	Reagent Grade	>98%	RT
CS9931-500g	Reagent Grade	>98%	RT
CS9941-500g	ACS Grade	≥99.0% 	RT
CS9951-500g	AR	＞99%	RT
CS9961-500g	AR	>99.0% 	RT
CS9971-500g	Molecular Biology Grade	>99%	RT
CS9971-1kg	Molecular Biology Grade	>99%	RT
CS9971-5kg	Molecular Biology Grade	>99%	RT
CS9981-5g	BC Grade	≥98% 	2-8℃
CS9982-100g		N/A	RT
CS9991-100g	Reagent Grade	>98%	RT
CS10001-5g	Ind Grade	≥98% 	RT
CS10011-100g	Reagent Grade	≥98%	RT
CS10021-250g	AR Grade	>98%	RT
CS10041-100g	USP Grade	>98%	RT
CS10051-250g	CP Grade	65-70% P2O5 basis  	RT
CS10061-25g	Reagent Grade	>99%	RT
CS10091-25g	Reagent Grade	≥99.5%	RT
CS10091-100g	Reagent Grade	≥99.5%	RT
CS10099-100ml		 60( + 1)% 	RT
CS10099-500ml		 60( + 1)% 	RT
CS10101-25g	CP Grade	≥97.0% (NT)	RT
CS10111-100g	Reagent Grade	>97%	RT
CS10121-25g	BC Grade	≥98.0%  	RT
CS10131-100g	Reagent Grade	99.50%	RT
CS10141-25g	Reagent Grade	>98%	RT
CS10161-25g	BC Grade	>98%	RT
CS10171-10g	Reagent Grade	 >99% 	2-8℃
CS10181-25g	Reagent Grade	≥90%  	RT
CS10191-100g	BC Grade	≥99.5% (RT)	RT
CS10230-25g	N/A	 >98%	RT
CS10231-1g	Highpuritygrade	>98%	RT
CS10241-5g	Reagent Grade	>98%	RT
CS10261-100g	Reagent Grade	≥99%	RT
CS10271-500g	Reagent Grade	≥99%	RT
CS10281-250g	USP Grade	>99%	RT
CS10291-500g	ACS Grade	>99%	RT
CS10301-250g	ACS Grade	≥98%	RT
CS10311-100g	BC Grade	≥99.0%	RT
CS10341-25g	BC Grade	>80%	-20°C
CS10351-100g	ACS Grade	>99.5%	RT
CS10351-500g	ACS Grade	>99.5%	RT
CS10361-500g	Reagent Grade	>98%	RT
CS10371-5g	BC Grade	>98.0%	RT
CS10381-100g	Biotech Grade	≥98.0%	RT
CS10381-500g	Biotech Grade	≥98.0%	RT
CS10381-1kg	Biotech Grade	≥98.0%	RT
CS10382-1g	N/A	N/A	2-8℃
CS10390-100g	未知	未知	未知
CS10391-100g	Reagent Grade	N/A	RT
CS10401-100g	Reagent Grade	N/A	RT
CS10411-100g	未知	未知	未知
CS10421-1g	USP Grade	≥603 μg/mL	2-8℃
CS10421-5g	USP Grade	≥603 μg/mL	2-8℃
CS10421-50g	USP Grade	≥603 μg/mL	2-8℃
CS10431-1g	GR Grade	≥98% (GC) 	2-8°C
CS10441-1g	Biothnology grade	＞98%	2-8°C
CS10451-100g	Brgrade	 ign. residue ≤0.4%	RT
CS10452-100g		N/A	RT
CS10461-0.1mg	未知	未知	未知
CS10462-100g		 ＞98%	RT
CS10463-500g		>60.0%(GC)	RT
CS10471-1mg	Biotechnology grade	≥95% 	-20℃
CS10471-5mg	Biotechnology grade	≥95% 	-20℃
CS10481-5g	未知	未知	未知
CS10481-25g	USP Grade	Potency  650 - 850U/mg	2-8℃
CS10481-100g	USP Grade	Potency  650 - 850U/mg	2-8℃
CS10491-100mg	USP Grade	≥98% (HPLC)	−20°C
CS10491-500mg	USP Grade	≥98% (HPLC)	−20°C
CS10491-1g	USP Grade	≥98% (HPLC)	−20°C
CS10501-100g	AR Grade	＞95%	密封保存。充氩保存
CS10511-250g	BC Grade	>98%	RT
CS10521-100g	Reagent Grade	>98%	RT
CS10541-100g	Pharmaceutical Grade	≥99.0%	RT
CS10551-100g	AR Grade	≥99% 	RT
CS10561-50g	Reagent Grade	>98%	RT
CS10571-250g	Reagent Grade	>98%	RT
CS10581-500g	N/A	≥99.9%	RT
CS10581-1kg	N/A	≥99.9%	RT
CS10581-5kg	N/A	≥99.9%	RT
CS10591-5g	BS Grade	>97%	RT
CS10601-5g	BS Grade	Dye content ≥90%          	RT
CS10611-5g	Technical grade 	Dye content  ≥90% 	RT
CS10621-5g	BS Grade	Dye content  ＞80% 	RT
CS10631-1g	BS Grade	Dye content  >85% 	RT
CS10641-5g	BS Grade	Em (593 nm, H2O)>26,500	RT
CS10651-100g	BS Grade	≥99%	RT
CS10652-25g	Reagent Grade	>98.0%	RT
CS10661-5g	BP Grade	>99%	RT
CS10671-1g	BC Grade	>98%	-20°C
CS10681-1g	BC Grade	>98%	RT
CS10691-100g	Reagent Grade	99.0 - 101.0	RT
CS10701-25g	BS Grade	Dye content>90%	RT
CS10751-5g	BP Grade	>98%	RT
CS10761-5g	BP Grade	>98%	RT
CT10770-5mg	试剂级	≥98%(HPLC)	−20°C
CT10771-100g	Reagent Grade	>98%	RT
CT10773-200mg		≥98%	RT
CT10781-25g	N/A	99%	RT
CT10781-100g	N/A	99%	RT
CT10791-25g	Molecular Biology Grade	≥99%	RT
CT10801-25g	Molecular Biology Grade	>98%	RT
CT10811-10g	未知	未知	未知
CT10821-25g	未知	未知	未知
CT10831-25g	未知	未知	未知
CT10841-10g	BS Grade	Dye content>90%	RT
CT10851-25g	JP Grade	≥99% 	RT
CT10862-1G		≥98%	RT
CT10871-1g	Plant Hormones Grade	>95%	2-8℃
CT10871-5g	Plant Hormones Grade	>95%	2-8℃
CT10872-1g	试剂级	＞98%	RT
CT10890-25G	N/A	>99.0%(HPLC)	RT
CT10891-10g	USP Grade	95.0-102.0%	2-8℃
CT10891-100g	USP Grade	95.0-102.0%	2-8℃
CT10901-5g	Molecular Biology Grade	>99%  	RT
CT10901-10g	Molecular Biology Grade	>99%  	RT
CT10911-5g	BC Grade	>98%	RT
CT10921-25g	BC Grade	≥98.0%	RT
CT10931-25g	Reagent Grade	>98%	RT
CT10941-10g	USP Grade	Potency>900mcg/m 	-20°C
CT10941-25g	USP Grade	Potency>900mcg/m 	-20°C
CT10951-50g	GC Grade	>98%	-20°C
CT10961-5g	Reagent Grade	N/A	RT
CT10971-250g	BC Grade	>98%	RT
CT10981-250g	Reagent Grade	>98% 	RT
CT10991-25g	BC Grade	≥98.0%	RT
CT11001-100g	Reagent Grade	>99%	RT
CT11011-5g		 >99%	RT
CT11021-250mg	BS Grade	>98%	RT
CT11031-100g	BR Grade  	>99%	RT
CT11041-1g	BC Grade	>97%	-20°C
CT11051-5g	Ind Grade	>98% (HPLC)	2-8℃
CT11061-5g	Developer Grade	N/A 	RT
CT11071-25g	Reagent Grade	>98%	RT
CT11091-10g	BC Grade	≥98%	RT
CT11092-1g		Dye content>90% 	RT
CT11101-25g	USP Grade	 >98%	RT
CT11101-100g	USP Grade	 >98%	RT
CT11111-1000u	AR	Activity ＞800U/mg	−20°C
CT11131-5g	BR Grade	≥99%	RT
CT11141-5g	Ind Grade	Dye content>95%	RT
CT11151-5g	Ind Grade	>98%	RT
CT11161-10g	Ind Grade	Dye content>95%	RT
CT11171-25g	BC Grade	>98%	RT
CT11182-1.6g	N/A	N/A	2-8℃
CT11182-3.2g	N/A	N/A	2-8℃
CT11182-5g	N/A	N/A	2-8℃
CT11182-10g	未知	未知	未知
CT11182-100g	N/A	N/A	2-8℃
CT11191-25g	Ind Grade	>98%	RT
CT11201-250g		>99%	RT
CT11211-500mg	Biotech Grade	≥98% (TLC) 	2-8℃
CT11211-1g	Biotech Grade	≥98% (TLC) 	2-8℃
CT11221-500mg	Biotech Grade	≥98% (TLC) 	2-8℃
CT11221-1g	Biotech Grade	≥98% (TLC) 	2-8℃
CT11231-100mg	USP Grade	N/A	2-8℃
CT11241-5g	BS Grade	Dye Content (%) ~ 50	RT
CT11250-25g	Reagent Grade	>98%	RT
CT11261-250g	Reagent Grade	>98%	RT
CT11271-100g	Reagent Grade	>98%	RT
CT11281-50mg	Molecular Biology Grade	≥98% (HPLC) 	-20°C
CT11281-100mg	Molecular Biology Grade	≥98% (HPLC) 	-20°C
CT11281-1g	Molecular Biology Grade	≥98% (HPLC) 	-20°C
CT11291-1g	Developer Grade	＞98 %	2-8℃
CT11301-10mg	AR	≥98%  	2-8°C
CT11301-100mg	AR	≥98%  	2-8°C
CT11311-50mg	Plant Hormones Grade	≥97%	-20°C
CT11311-100mg	Plant Hormones Grade	≥97%	-20°C
CT11311-1g	Plant Hormones Grade	≥97%	-20°C
CT11310-50mg		＞97%	-20°C
CT11310-100mg		＞97%	-20°C
CT11312-5g	BC Grade	≥98.5% (HPAE)	RT
CT11312-100g	BC Grade	≥98.5% (HPAE)	RT
CT11321-1g	Plant Hormones Grade	>98%	2-8℃
CT11330-5g		>98% 	RT
CT11331-25g	BC Grade	 >99%	RT
CT11331-100g	BC Grade	 >99%	RT
CT11331-500g	BC Grade	 >99%	RT
CT11361-5g	Plant Hormones Grade	>97%	-20°C
CT11371-5g	BC Grade	≥98% (TLC) 	2-8℃
CT11381-100g	Reagent Grade	98%	RT
CT11391-25ml	Reagent Grade	>55%	2-8℃
CT11402-1g	试剂级	>92.0%(HPLC)	RT
CT11411-500g	Molecular Biology Grade	>99.9%	RT
CT11411-1kg	Molecular Biology Grade	>99.9%	RT
CT11411-5kg	Molecular Biology Grade	>99.9%	RT
CT11412-500G	BC Grade	99.0%	RT
CT11421-100g	Molecular Biology Grade	>99.5%	RT
CT11421-500g	Molecular Biology Grade	>99.5%	RT
CT11421-1kg	Molecular Biology Grade	>99.5%	RT
CT11431-100g	Biotech Grade	99-101%	RT
CT11431-500g	Biotech Grade	99-101%	RT
CT11451-100ml	Molecular Biology Grade	Density:1.06g/ml	RT
CT11451-500ml	Molecular Biology Grade	Density:1.06g/ml	RT
CT11461-100ml	Biotech Grade	Cloud Point (1%, Water) (℃)22 - 28     	RT
CT11461-500ml	Biotech Grade	Cloud Point (1%, Water) (℃)22 - 28     	RT
CT11471-10mg		>98%	-20°C
CT114981-5g	未知	未知	未知
CT114981-10g	未知	未知	未知
CT11491-25mg	试剂级	N/A	2-8℃
CT11491-100mg	试剂级	N/A	2-8℃
CT11501-5g	USP Grade	Trypsin>250N.F.U/mg Chymotrypsin:<75N.F.U/mg	2-8℃
CT11501-25g	USP Grade	Trypsin>250N.F.U/mg Chymotrypsin:<75N.F.U/mg	2-8℃
CT11501-100g	USP Grade	Trypsin>250N.F.U/mg Chymotrypsin:<75N.F.U/mg	2-8℃
CT11510-500g	试剂级	总氮≥12.5%，氨基氮≥3%	RT
CT11511-25g	USP Grade	≥98% (TLC) 	RT
CT11511-100g	USP Grade	≥98% (TLC) 	RT
CT11512-25g	USP Grade	assay＞99%                	RT
CT11521-100g	BR Grade	>99%	RT
CT11521-500g	BR Grade	>99%	RT
CT11531-5g	Reagent Grade	>98% 	-20℃
CT11531-10g	Reagent Grade	>98% 	-20℃
CT11531-100g	Reagent Grade	>98% 	-20℃
CT11540-500g	N/A	N/A	RT
CT11541-5mg	Antibiotic Grade	>98%	2-8℃
CT11551-100ml	Reagent Grade	Hydroxyl number 96-108 Water(KF) <3.0%	RT
CT11551-500ml	Reagent Grade	Hydroxyl number 96-108 Water(KF) <3.0%	RT
CT11561-100ml	Reagent Grade	N/A	RT
CT11571-100ml	Reagent Grade	N/A	RT
CT11581-100ml	Reagent Grade	N/A	RT
CT11581-500ml	Reagent Grade	N/A	RT
CT11591-1g	Reagent Grade	>97%	2-8℃
CT11601-25g	BC Grade	>98% 	RT
CT11601-100g	BC Grade	>98% 	RT
CT11602-25g	Reagent Grade	>99% 	2-8℃
CU11610-25g	试剂级	＞96%	RT
CU11610-100g	试剂级	＞96%	RT
CU11611-100mg	Reagent Grade	≥98.0% (HPLC) 	 -20℃
CU11611-500mg	Reagent Grade	≥98.0% (HPLC) 	 -20℃
CU11621-25g	Reagent Grade	>99%	RT
CU11621-100g	Reagent Grade	>99%	RT
CU11631-100g	未知	未知	未知
CU11631-500g	未知	未知	未知
CU11631-1kg	未知	未知	未知
CU11631-5kg	未知	未知	未知
CU11631U-500g	Molecular Biology Grade	>99.5% 	RT
CU11631U-1kg	未知	未知	未知
CU11651-10g	BC Grade	 ≥99%	RT
CU11661-5g	BC Grade	≥99%	RT
CU11671-100mg	Molecular Biology Grade	>98%	-20°C
CU11681-1g	BC Grade	>98%	-20°C
CU11691-25mg	Molecular Biology Grade 	≥96%	-20°C
CV11701-25g	USP Grade	>99%	RT
CV11701-100g	USP Grade	>99%	RT
CV11711-25mg	BC Grade	≥97% (HPLC) 	RT
CV11721-100mg	USP Grade	≥900μg/mg	2-8℃
CV11721-500mg	USP Grade	≥900μg/mg	2-8℃
CV11721-1g	USP Grade	≥900μg/mg	2-8℃
CV11721-5g	USP Grade	≥900μg/mg	2-8℃
CV11731-100g	BC Grade	>98%	RT
CV11742-25g	N/A	>98% 	RT
CV11751-5g	BS Grade	Dye content >80% 	RT
CV11751-25g	BS Grade	Dye content >80% 	RT
CV11761-5g	USP Grade	Acetate 350IU/g	2-8℃
CV11771-1g	USP Grade	1000IU/ mg 	2-8℃
CV11771-5g	USP Grade	1000IU/ mg 	2-8℃
CV11781-5g	USP Grade	≥99% (TLC)	RT
CV11781-25g	USP Grade	≥99% (TLC)	RT
CV11781-100g	USP Grade	≥99% (TLC)	RT
CV11791-25g	USP Grade	>98% 	RT
CV11801-25g	Reagent Grade	≥98% 	RT
CV11801-100g	Reagent Grade	≥98% 	RT
CV11811-25g	BC Grade	≥98% (TLC) 	RT
CV11811-100g	BC Grade	≥98% (TLC) 	RT
CV11821-5g	BC Grade	≥98% (HPLC)                         	2-8℃
CV11821-25g	BC Grade	≥98% (HPLC)                         	2-8℃
CV11821-100g	BC Grade	≥98% (HPLC)                         	2-8℃
CV11831-250mg	USP Grade	>95%	2-8℃
CV11831-1g	USP Grade	>95%	2-8℃
CV11841-5g	USP Grade	≥98% (HPLC) 	2-8℃
CV11851-5g	USP Grade	Cerrier  Modificd Starch  The content of vitamin E acetate 50% 	RT
CV11861-5g	USP Grade	V ~1000 IU/g	-20℃
CV11871-1g	EP Grade	99%	2-8℃
CV11871-5g	EP Grade	99%	2-8℃
CV11871-100g	EP Grade	99%	2-8℃
CV11881-5g	USP Grade	>98%	RT
CW11890-5mg	N/A	>98.0% (HPLC) 	-20℃
CW11891-5g	BS Grade	N/A	RT
CX11901-1g	Reagent Grade	>99% 	2-8℃
CX11901-5g	Reagent Grade	>99% 	2-8℃
CX11911-5u	Reagent Grade	≥5U/MG	2-8°C
CX11921-100mg	Molecular Biology Grade	99%	-20°C
CX11921-1g	Molecular Biology Grade	99%	-20°C
CX11921-5g	Molecular Biology Grade	99%	-20°C
CX11931-25mg	Molecular Biology Grade	>99%	-20℃
CX11931-100mg	Molecular Biology Grade	>99%	-20℃
CX11931-500mg	Molecular Biology Grade	>99%	-20℃
CX11931-1g	Molecular Biology Grade	>99%	-20℃
CX11941-25mg	Molecular Biology Grade	≥98.0% (TLC)	-20°C
CX11951-25mg	Molecular Biology Grade	>90%	2-8℃
CX11951-100mg	Molecular Biology Grade	>90%	2-8℃
CX11961-1g	Reagent Grade	>99%	-20°C
CX11981-1g	Ind Grade	N/A	RT
CX11981-5g	Ind Grade	N/A	RT
CX11982-1g	Ind Grade	N/A	RT
CX11991-100g	USP Grade	≥99%	RT
CX11991-500g	USP Grade	≥99%	RT
CX12001-100g	BC Grade	 ≥99% 	RT
CX12001-500g	BC Grade	 ≥99% 	RT
CY12011-500g	FMB Grade	总氮≥10%，氨基氮≥5%	RT
CZ12031-25mg	Plant Hormones Grade 	>98% 	−20℃
CZ12031-100mg	Plant Hormones Grade 	>98% 	−20℃
CZ12031-1g	Plant Hormones Grade 	>98% 	−20℃
CZ12041-100g	Reagent Grade	>98%	RT
CZ12061-100g	Reagent Grade	99%	RT
CZ12071-100mg	BC Grade	N/A	2-8℃
CS20011-25g	BR	N/A	RT
CS20011-100g	BR	N/A	RT
CS20011-500g	BR	N/A	RT
CS20021-25g	BR	N/A	RT
CS20021-100g	BR	N/A	RT
CS20031-25g	BR	N/A	RT
CS20031-100g	BR	N/A	RT
CS20041-25g	BR	N/A	RT
CS20041-100g	BR	N/A	RT
CS20051-25g	BR	N/A	RT
CS20051-100g	BR	N/A	RT
CS20051-500g	BR	N/A	RT
CS20061-25g	BR	N/A	RT
CS20061-100g	BR	N/A	RT
CS20071-25g	BR	N/A	RT
CS20071-100g	BR	N/A	RT
CS20081-25g	BR	N/A	RT
CS20081-100g	BR	N/A	RT
CS20081-500g	BR	N/A	RT
CS20091-25g	BR	N/A	RT
CS20091-100g	BR	N/A	RT
CS20101-25g	BR	N/A	RT
CS20101-100g	BR	N/A	RT
CS20104-25g	BR	N/A	RT
CS20105-25g	BR	N/A	RT
CS20111-100ml	BR	N/A	2-8℃
CS20111-500ml	BR	N/A	2-8℃
CS20121-100ml	BR	N/A	2-8℃
CS20121-500ml	BR	N/A	2-8℃
CS20131-100ml	BR	N/A	2-8℃
CS20131-500ml	BR	N/A	2-8℃
CS20141-100ml	BR	N/A	2-8℃
CS20141-500ml	BR	N/A	2-8℃
CS20151-100ml	BR	N/A	2-8℃
CS20151-500ml	BR	N/A	2-8℃
CS20161-100ml	BR	N/A	2-8℃
CS20161-500ml	BR	N/A	2-8℃
CS20171-100ml	BR	N/A	2-8℃
CS20171-500ml	BR	N/A	2-8℃
CS20181-100ml	BR	N/A	2-8℃
CS20181-500ml	BR	N/A	2-8℃
CS20211-100ml	BR	N/A	2-8℃
CS20211-500ml	BR	N/A	2-8℃
CS20361-25ml	BR	N/A	2-8℃
CS20361-100ml	BR	N/A	2-8℃
CS20421-10ml	BR	N/A	2-8℃
CS20421-50ml	未知	未知	未知
CS20512-2ml	BR	N/A	2-8℃
CS20513-2ml	BR	N/A	2-8℃
CS20514-2ml	BR	N/A	2-8℃
